text,ĐĂNG KÝ TÀI KHOẢN,ĐĂNG NHẬP HỆ THỐNG,QUÊN MẬT KHẨU VÀ ĐẶT LẠI MẬT KHẨU,PHÂN QUYỀN NGƯỜI DÙNG,QUẢN LÝ SỐ DƯ TÀI KHOẢN,XEM DANH SÁCH PHIÊN ĐẤU GIÁ,XEM CHI TIẾT SẢN PHẨM ĐẤU GIÁ,THAM GIA PHÒNG ĐẤU GIÁ,RỜI PHÒNG ĐẤU GIÁ,ĐẶT GIÁ TRONG PHIÊN ĐẤU GIÁ,CẬP NHẬT GIÁ REALTIME,XEM LỊCH SỬ ĐẶT GIÁ,CHAT TRONG PHÒNG ĐẤU GIÁ,XEM THỜI GIAN CÒN LẠI CỦA PHIÊN,ANTI-SNIPING,KHÓA NGƯỜI THAM GIA MỚI Ở CUỐI PHIÊN,TỰ ĐỘNG CHỐT PHIÊN ĐẤU GIÁ,XỬ LÝ TIỀN KHI PHIÊN KẾT THÚC,TỰ ĐỘNG ĐƯA NGƯỜI DÙNG VỀ LOBBY,SELLER TẠO YÊU CẦU PHIÊN ĐẤU GIÁ,KIỂM TRA DỮ LIỆU TẠO PHIÊN ĐẤU GIÁ,YÊU CẦU DUYỆT PHIÊN ĐẤU GIÁ,SELLER ĐÓNG PHIÊN ĐẤU GIÁ,THÔNG BÁO TRẠNG THÁI PHIÊN,CHATBOT HỖ TRỢ NGƯỜI DÙNG,NGOÀI LỀ,CHỦ ĐỀ NGUY HIỂM,AI HỖ TRỢ AUTO APPROVE,Không Rõ,AUTOBIDDING
bật autobidding cho phiên này,0,0,0,0,0,0,0,0,0,0,0,0,0,0,0,0,0,0,0,0,0,0,0,0,0,0,0,0,0,1
bạn ơi cài tự động đặt giá nhé,0,0,0,0,0,0,0,0,0,0,0,0,0,0,0,0,0,0,0,0,0,0,0,0,0,0,0,0,0,1
cho mình hỏi set auto bid tối đa 900k được không,0,0,0,0,0,0,0,0,0,0,0,0,0,0,0,0,0,0,0,0,0,0,0,0,0,0,0,0,0,1
mình muốn cho tôi dùng auto bid với,0,0,0,0,0,0,0,0,0,0,0,0,0,0,0,0,0,0,0,0,0,0,0,0,0,0,0,0,0,1
admin ơi tự động bid đến 1tr2 nha,0,0,0,0,0,0,0,0,0,0,0,0,0,0,0,0,0,0,0,0,0,0,0,0,0,0,0,0,0,1
bot ơi bật chế độ tự đấu giá gấp,0,0,0,0,0,0,0,0,0,0,0,0,0,0,0,0,0,0,0,0,0,0,0,0,0,0,0,0,0,1
tôi cần hệ thống tự nâng giá khi bị vượt trong phiên này,0,0,0,0,0,0,0,0,0,0,0,0,0,0,0,0,0,0,0,0,0,0,0,0,0,0,0,0,0,1
ê auto bidding để khỏi canh màn hình cho sản phẩm này,0,0,0,0,0,0,0,0,0,0,0,0,0,0,0,0,0,0,0,0,0,0,0,0,0,0,0,0,0,1
pls bật đấu giá tự động cho sản phẩm này ở phòng hiện tại,0,0,0,0,0,0,0,0,0,0,0,0,0,0,0,0,0,0,0,0,0,0,0,0,0,0,0,0,0,1
giúp tôi cài autobid ngay trong phòng trước khi hết giờ,0,0,0,0,0,0,0,0,0,0,0,0,0,0,0,0,0,0,0,0,0,0,0,0,0,0,0,0,0,1
bạn ơi auto bid có dừng khi thiếu tiền không được không,0,0,0,0,0,0,0,0,0,0,0,0,0,0,0,0,0,0,0,0,0,0,0,0,0,0,0,0,0,1
cho mình hỏi số dư còn đủ bật autobidding không với,0,0,0,0,0,0,0,0,0,0,0,0,0,0,0,0,0,0,0,0,0,0,0,0,0,0,0,0,0,1
mình muốn set auto bid nhưng đừng vượt ngân sách nha,0,0,0,0,0,0,0,0,0,0,0,0,0,0,0,0,0,0,0,0,0,0,0,0,0,0,0,0,0,1
admin ơi giới hạn auto bid theo balance gấp,0,0,0,0,0,0,0,0,0,0,0,0,0,0,0,0,0,0,0,0,0,0,0,0,0,0,0,0,0,1
bot ơi tài khoản còn 1.5 triệu thì tự bid được không trong phiên này,0,0,0,0,0,0,0,0,0,0,0,0,0,0,0,0,0,0,0,0,0,0,0,0,0,0,0,0,0,1
tôi cần autobid có tự kiểm tra tiền không cho sản phẩm này,0,0,0,0,0,0,0,0,0,0,0,0,0,0,0,0,0,0,0,0,0,0,0,0,0,0,0,0,0,1
ê nếu hết tiền thì auto bidding xử lý sao ở phòng hiện tại,0,0,0,0,0,0,0,0,0,0,0,0,0,0,0,0,0,0,0,0,0,0,0,0,0,0,0,0,0,1
pls xem số dư trước khi cài auto bid trước khi hết giờ,0,0,0,0,0,0,0,0,0,0,0,0,0,0,0,0,0,0,0,0,0,0,0,0,0,0,0,0,0,1
giúp tôi đừng để tự động bid quá số tiền còn lại,0,0,0,0,0,0,0,0,0,0,0,0,0,0,0,0,0,0,0,0,0,0,0,0,0,0,0,0,0,1
auto bid tới 500k nếu đủ tiền nhé,0,0,0,0,0,0,0,0,0,0,0,0,0,0,0,0,0,0,0,0,0,0,0,0,0,0,0,0,0,1
cho mình hỏi auto bid có theo giá realtime không nha,0,0,0,0,0,0,0,0,0,0,0,0,0,0,0,0,0,0,0,0,0,0,0,0,0,0,0,0,0,1
mình muốn giá hiện tại đổi thì autobid chạy sao gấp,0,0,0,0,0,0,0,0,0,0,0,0,0,0,0,0,0,0,0,0,0,0,0,0,0,0,0,0,0,1
admin ơi người khác vừa bid thì hệ thống tự nâng giá chứ trong phiên này,0,0,0,0,0,0,0,0,0,0,0,0,0,0,0,0,0,0,0,0,0,0,0,0,0,0,0,0,0,1
bot ơi highest bid đổi thì auto bid có cập nhật không cho sản phẩm này,0,0,0,0,0,0,0,0,0,0,0,0,0,0,0,0,0,0,0,0,0,0,0,0,0,0,0,0,0,1
tôi cần bật auto bid theo giá mới nhất ở phòng hiện tại,0,0,0,0,0,0,0,0,0,0,0,0,0,0,0,0,0,0,0,0,0,0,0,0,0,0,0,0,0,1
ê realtime price vượt tôi thì tự bid trước khi hết giờ,0,0,0,0,0,0,0,0,0,0,0,0,0,0,0,0,0,0,0,0,0,0,0,0,0,0,0,0,0,1
pls auto bidding phản ứng khi giá tăng,0,0,0,0,0,0,0,0,0,0,0,0,0,0,0,0,0,0,0,0,0,0,0,0,0,0,0,0,0,1
giúp tôi giá đang nhảy liên tục thì auto bid thế nào nhé,0,0,0,0,0,0,0,0,0,0,0,0,0,0,0,0,0,0,0,0,0,0,0,0,0,0,0,0,0,1
tự động đặt giá khi có cập nhật mới được không,0,0,0,0,0,0,0,0,0,0,0,0,0,0,0,0,0,0,0,0,0,0,0,0,0,0,0,0,0,1
bạn ơi auto bid có delay so với giá realtime không với,0,0,0,0,0,0,0,0,0,0,0,0,0,0,0,0,0,0,0,0,0,0,0,0,0,0,0,0,0,1
mình muốn gần hết giờ bật auto bid được không trong phiên này,0,0,0,0,0,0,0,0,0,0,0,0,0,0,0,0,0,0,0,0,0,0,0,0,0,0,0,0,0,1
admin ơi auto bidding có chống sniping không cho sản phẩm này,0,0,0,0,0,0,0,0,0,0,0,0,0,0,0,0,0,0,0,0,0,0,0,0,0,0,0,0,0,1
bot ơi cuối phiên có người vượt thì tự bid không ở phòng hiện tại,0,0,0,0,0,0,0,0,0,0,0,0,0,0,0,0,0,0,0,0,0,0,0,0,0,0,0,0,0,1
tôi cần còn 10 giây set autobid kịp không trước khi hết giờ,0,0,0,0,0,0,0,0,0,0,0,0,0,0,0,0,0,0,0,0,0,0,0,0,0,0,0,0,0,1
ê dùng auto bid để tránh bị cướp phút cuối,0,0,0,0,0,0,0,0,0,0,0,0,0,0,0,0,0,0,0,0,0,0,0,0,0,0,0,0,0,1
pls anti sniping có áp dụng với autobid không nhé,0,0,0,0,0,0,0,0,0,0,0,0,0,1,1,0,0,0,0,0,0,0,0,0,0,0,0,0,0,1
giúp tôi tự động bid ở giây cuối được không được không,0,0,0,0,0,0,0,0,0,0,0,0,0,1,1,0,0,0,0,0,0,0,0,0,0,0,0,0,0,1
phiên sắp kết thúc auto bid còn tác dụng không với,0,0,0,0,0,0,0,0,0,0,0,0,0,1,1,0,0,0,0,0,0,0,0,0,0,0,0,0,0,1
bạn ơi autobid có bị khóa cuối phiên không nha,0,0,0,0,0,0,0,0,0,0,0,0,0,1,1,0,0,0,0,0,0,0,0,0,0,0,0,0,0,1
cho mình hỏi gần chốt phiên nên bật tự bid không gấp,0,0,0,0,0,0,0,0,0,0,0,0,0,1,1,0,0,0,0,0,0,0,0,0,0,0,0,0,0,1
admin ơi phiên chốt thì autobidding dừng không ở phòng hiện tại,0,0,0,0,0,0,0,0,0,0,0,0,0,1,0,0,1,0,0,0,0,0,0,0,0,0,0,0,0,1
bot ơi hết thời gian auto bid có tiếp tục không trước khi hết giờ,0,0,0,0,0,0,0,0,0,0,0,0,0,1,0,0,1,0,0,0,0,0,0,0,0,0,0,0,0,1
tôi cần auto bid có đặt sau khi phiên kết thúc không,0,0,0,0,0,0,0,0,0,0,0,0,0,1,0,0,1,0,0,0,0,0,0,0,0,0,0,0,0,1
ê khi tự động chốt phiên thì auto bid xử lý sao nhé,0,0,0,0,0,0,0,0,0,0,0,0,0,1,0,0,1,0,0,0,0,0,0,0,0,0,0,0,0,1
pls phiên đóng rồi autobid có bị hủy không được không,0,0,0,0,0,0,0,0,0,0,0,0,0,1,0,0,1,0,0,0,0,0,0,0,0,0,0,0,0,1
giúp tôi auto bid báo gì sau khi kết thúc phiên với,0,0,0,0,0,0,0,0,0,0,0,0,0,1,0,0,1,0,0,0,0,0,0,0,0,0,0,0,0,1
autobidding có lưu kết quả sau khi chốt không nha,0,0,0,0,0,0,0,0,0,0,0,0,0,1,0,0,1,0,0,0,0,0,0,0,0,0,0,0,0,1
bạn ơi đến lúc chốt phiên hệ thống còn tự bid không gấp,0,0,0,0,0,0,0,0,0,0,0,0,0,1,0,0,1,0,0,0,0,0,0,0,0,0,0,0,0,1
cho mình hỏi tự động đấu giá chạy đến khi nào trong phiên này,0,0,0,0,0,0,0,0,0,0,0,0,0,1,0,0,1,0,0,0,0,0,0,0,0,0,0,0,0,1
mình muốn auto bid dừng đúng lúc phiên kết thúc chứ cho sản phẩm này,0,0,0,0,0,0,0,0,0,0,0,0,0,1,0,0,1,0,0,0,0,0,0,0,0,0,0,0,0,1
bot ơi tắt autobidding,0,0,0,0,0,0,0,0,0,0,0,0,0,0,0,0,0,0,0,0,0,0,0,1,0,0,0,0,0,1
tôi cần hủy auto bid đã cài nhé,0,0,0,0,0,0,0,0,0,0,0,0,0,0,0,0,0,0,0,0,0,0,0,1,0,0,0,0,0,1
ê ngừng tự động đặt giá được không,0,0,0,0,0,0,0,0,0,0,0,0,0,0,0,0,0,0,0,0,0,0,0,1,0,0,0,0,0,1
pls xem trạng thái autobidding với,0,0,0,0,0,0,0,0,0,0,0,0,0,0,0,0,0,0,0,0,0,0,0,1,0,0,0,0,0,1
giúp tôi auto bid đang bật hay tắt nha,0,0,0,0,0,0,0,0,0,0,0,0,0,0,0,0,0,0,0,0,0,0,0,1,0,0,0,0,0,1
kiểm tra cấu hình auto bid gấp,0,0,0,0,0,0,0,0,0,0,0,0,0,0,0,0,0,0,0,0,0,0,0,1,0,0,0,0,0,1
bạn ơi đổi mức trần autobid sang 700k trong phiên này,0,0,0,0,0,0,0,0,0,0,0,0,0,0,0,0,0,0,0,0,0,0,0,1,0,0,0,0,0,1
cho mình hỏi sửa giới hạn tự động đấu giá cho sản phẩm này,0,0,0,0,0,0,0,0,0,0,0,0,0,0,0,0,0,0,0,0,0,0,0,1,0,0,0,0,0,1
mình muốn xóa thiết lập autobidding ở phòng hiện tại,0,0,0,0,0,0,0,0,0,0,0,0,0,0,0,0,0,0,0,0,0,0,0,1,0,0,0,0,0,1
admin ơi dừng auto bid vì giá cao quá trước khi hết giờ,0,0,0,0,0,0,0,0,0,0,0,0,0,0,0,0,0,0,0,0,0,0,0,1,0,0,0,0,0,1
tôi cần vào phòng rồi bật auto bid ở đâu được không,0,0,0,0,0,0,0,1,1,0,0,0,0,0,0,0,0,0,0,0,0,0,0,0,0,0,0,0,0,1
ê rời phòng thì autobid còn chạy không với,0,0,0,0,0,0,0,1,1,0,0,0,0,0,0,0,0,0,0,0,0,0,0,0,0,0,0,0,0,1
pls chưa join room có set auto bid được không nha,0,0,0,0,0,0,0,1,1,0,0,0,0,0,0,0,0,0,0,0,0,0,0,0,0,0,0,0,0,1
giúp tôi tôi out room thì tự bid có giữ không gấp,0,0,0,0,0,0,0,1,1,0,0,0,0,0,0,0,0,0,0,0,0,0,0,0,0,0,0,0,0,1
bật autobidding trong room A102 trong phiên này,0,0,0,0,0,0,0,1,1,0,0,0,0,0,0,0,0,0,0,0,0,0,0,0,0,0,0,0,0,1
bạn ơi join phiên xong cài tự động bid cho sản phẩm này,0,0,0,0,0,0,0,1,1,0,0,0,0,0,0,0,0,0,0,0,0,0,0,0,0,0,0,0,0,1
cho mình hỏi đang ở lobby auto bid có chạy không ở phòng hiện tại,0,0,0,0,0,0,0,1,1,0,0,0,0,0,0,0,0,0,0,0,0,0,0,0,0,0,0,0,0,1
mình muốn thoát phòng có hủy autobidding không trước khi hết giờ,0,0,0,0,0,0,0,1,1,0,0,0,0,0,0,0,0,0,0,0,0,0,0,0,0,0,0,0,0,1
admin ơi muốn tự bid dù không online trong phòng,0,0,0,0,0,0,0,1,1,0,0,0,0,0,0,0,0,0,0,0,0,0,0,0,0,0,0,0,0,1
bot ơi cần tham gia phòng trước khi auto bid không nhé,0,0,0,0,0,0,0,1,1,0,0,0,0,0,0,0,0,0,0,0,0,0,0,0,0,0,0,0,0,1
ê chatbot chỉ tôi cách bật autobid nha,0,0,0,0,0,0,0,0,0,0,0,0,1,0,0,0,0,0,0,0,0,0,0,0,1,0,0,0,0,1
pls bot hỗ trợ cài auto bidding gấp,0,0,0,0,0,0,0,0,0,0,0,0,1,0,0,0,0,0,0,0,0,0,0,0,1,0,0,0,0,1
giúp tôi auto bid có báo trong chat phòng không trong phiên này,0,0,0,0,0,0,0,0,0,0,0,0,1,0,0,0,0,0,0,0,0,0,0,0,1,0,0,0,0,1
nhắn tôi khi auto bid thành công cho sản phẩm này,0,0,0,0,0,0,0,0,0,0,0,0,1,0,0,0,0,0,0,0,0,0,0,0,1,0,0,0,0,1
bạn ơi bot giải thích cơ chế tự động đấu giá ở phòng hiện tại,0,0,0,0,0,0,0,0,0,0,0,0,1,0,0,0,0,0,0,0,0,0,0,0,1,0,0,0,0,1
cho mình hỏi chat báo mỗi lần hệ thống tự bid trước khi hết giờ,0,0,0,0,0,0,0,0,0,0,0,0,1,0,0,0,0,0,0,0,0,0,0,0,1,0,0,0,0,1
mình muốn hỏi chatbot mức autobid hợp lý,0,0,0,0,0,0,0,0,0,0,0,0,1,0,0,0,0,0,0,0,0,0,0,0,1,0,0,0,0,1
admin ơi room chat có hiện auto bid không nhé,0,0,0,0,0,0,0,0,0,0,0,0,1,0,0,0,0,0,0,0,0,0,0,0,1,0,0,0,0,1
bot ơi bot kiểm tra giúp auto bidding được không,0,0,0,0,0,0,0,0,0,0,0,0,1,0,0,0,0,0,0,0,0,0,0,0,1,0,0,0,0,1
tôi cần hướng dẫn hủy autobid bằng chatbot với,0,0,0,0,0,0,0,0,0,0,0,0,1,0,0,0,0,0,0,0,0,0,0,0,1,0,0,0,0,1
pls sản phẩm này có cho phép autobidding không trong phiên này,0,0,0,0,0,1,1,0,0,0,0,0,0,0,0,0,0,0,0,0,0,0,0,0,0,0,0,0,0,1
giúp tôi xem chi tiết sản phẩm rồi bật auto bid cho sản phẩm này,0,0,0,0,0,1,1,0,0,0,0,0,0,0,0,0,0,0,0,0,0,0,0,0,0,0,0,0,0,1
lọc phiên có hỗ trợ auto bid ở phòng hiện tại,0,0,0,0,0,1,1,0,0,0,0,0,0,0,0,0,0,0,0,0,0,0,0,0,0,0,0,0,0,1
bạn ơi danh sách auction nào có autobidding trước khi hết giờ,0,0,0,0,0,1,1,0,0,0,0,0,0,0,0,0,0,0,0,0,0,0,0,0,0,0,0,0,0,1
cho mình hỏi set auto bid cho iPhone 15,0,0,0,0,0,1,1,0,0,0,0,0,0,0,0,0,0,0,0,0,0,0,0,0,0,0,0,0,0,1
mình muốn tự động bid cho laptop gaming nhé,0,0,0,0,0,1,1,0,0,0,0,0,0,0,0,0,0,0,0,0,0,0,0,0,0,0,0,0,0,1
admin ơi chọn phiên đang mở để cài tự bid được không,0,0,0,0,0,1,1,0,0,0,0,0,0,0,0,0,0,0,0,0,0,0,0,0,0,0,0,0,0,1
bot ơi món đồ này auto bid được không với,0,0,0,0,0,1,1,0,0,0,0,0,0,0,0,0,0,0,0,0,0,0,0,0,0,0,0,0,0,1
tôi cần xem lobby rồi chọn phiên auto bid nha,0,0,0,0,0,1,1,0,0,0,0,0,0,0,0,0,0,0,0,0,0,0,0,0,0,0,0,0,0,1
ê phiên nào nên dùng autobidding gấp,0,0,0,0,0,1,1,0,0,0,0,0,0,0,0,0,0,0,0,0,0,0,0,0,0,0,0,0,0,1
giúp tôi autobid phát đi bro ở phòng hiện tại,0,0,0,0,0,0,0,0,0,1,0,0,0,0,0,0,0,0,0,0,0,0,0,0,1,0,0,0,0,1
set hộ cái auto bid với trước khi hết giờ,0,0,0,0,0,0,0,0,0,1,0,0,0,0,0,0,0,0,0,0,0,0,0,0,1,0,0,0,0,1
bạn ơi auto biding bị sao á,0,0,0,0,0,0,0,0,0,1,0,0,0,0,0,0,0,0,0,0,0,0,0,0,1,0,0,0,0,1
cho mình hỏi tự bid hộ tui nha nhé,0,0,0,0,0,0,0,0,0,1,0,0,0,0,0,0,0,0,0,0,0,0,0,0,1,0,0,0,0,1
mình muốn bid tự động giùm cái lười canh quá được không,0,0,0,0,0,0,0,0,0,1,0,0,0,0,0,0,0,0,0,0,0,0,0,0,1,0,0,0,0,1
admin ơi auto bid 1tr5 okela không với,0,0,0,0,0,0,0,0,0,1,0,0,0,0,0,0,0,0,0,0,0,0,0,0,1,0,0,0,0,1
bot ơi bật auto đấu giá nhanh đi nha,0,0,0,0,0,0,0,0,0,1,0,0,0,0,0,0,0,0,0,0,0,0,0,0,1,0,0,0,0,1
tôi cần tắt autobid liền giúp tôi gấp,0,0,0,0,0,0,0,0,0,1,0,0,0,0,0,0,0,0,0,0,0,0,0,0,1,0,0,0,0,1
ê sao auto bit không nhảy giá trong phiên này,0,0,0,0,0,0,0,0,0,1,0,0,0,0,0,0,0,0,0,0,0,0,0,0,1,0,0,0,0,1
pls cài tự độg đặt giá cho phiên này cho sản phẩm này,0,0,0,0,0,0,0,0,0,1,0,0,0,0,0,0,0,0,0,0,0,0,0,0,1,0,0,0,0,1
bật autobidding cho phiên này ở phiên AUC-24,0,0,0,0,0,0,0,0,0,1,0,0,0,0,0,0,0,0,0,0,0,0,0,0,0,0,0,0,0,1
cài tự động đặt giá ở room B12,0,0,0,0,0,0,0,0,0,1,0,0,0,0,0,0,0,0,0,0,0,0,0,0,0,0,0,0,0,1
set auto bid tối đa 1tr2 ở sản phẩm đồng hồ,0,0,0,0,0,0,0,0,0,1,0,0,0,0,0,0,0,0,0,0,0,0,0,0,0,0,0,0,0,1
cho tôi dùng auto bid ở card laptop,0,0,0,0,0,0,0,0,0,1,0,0,0,0,0,0,0,0,0,0,0,0,0,0,0,0,0,0,0,1
tự động bid đến 1m ở màn hình lobby,0,0,0,0,0,0,0,0,0,1,0,0,0,0,0,0,0,0,0,0,0,0,0,0,0,0,0,0,0,1
bật chế độ tự đấu giá ở phòng đang live,0,0,0,0,0,0,0,0,0,1,0,0,0,0,0,0,0,0,0,0,0,0,0,0,0,0,0,0,0,1
hệ thống tự nâng giá khi bị vượt ở giá hiện tại,0,0,0,0,0,0,0,0,0,1,0,0,0,0,0,0,0,0,0,0,0,0,0,0,0,0,0,0,0,1
auto bidding để khỏi canh màn hình ở cuối phiên,0,0,0,0,0,0,0,0,0,1,0,0,0,0,0,0,0,0,0,0,0,0,0,0,0,0,0,0,0,1
bật đấu giá tự động cho sản phẩm này ở tài khoản của tôi,0,0,0,0,0,0,0,0,0,1,0,0,0,0,0,0,0,0,0,0,0,0,0,0,0,0,0,0,0,1
cài autobid ngay trong phòng ở mã phòng X09,0,0,0,0,0,0,0,0,0,1,0,0,0,0,0,0,0,0,0,0,0,0,0,0,0,0,0,0,0,1
auto bid có dừng khi thiếu tiền không ở room B12,0,0,0,0,1,0,0,0,0,1,0,0,0,0,0,0,0,0,0,0,0,0,0,0,0,0,0,0,0,1
số dư còn đủ bật autobidding không ở sản phẩm đồng hồ,0,0,0,0,1,0,0,0,0,1,0,0,0,0,0,0,0,0,0,0,0,0,0,0,0,0,0,0,0,1
set auto bid nhưng đừng vượt ngân sách ở card laptop,0,0,0,0,1,0,0,0,0,1,0,0,0,0,0,0,0,0,0,0,0,0,0,0,0,0,0,0,0,1
giới hạn auto bid theo balance ở màn hình lobby,0,0,0,0,1,0,0,0,0,1,0,0,0,0,0,0,0,0,0,0,0,0,0,0,0,0,0,0,0,1
tài khoản còn 2.000.000 thì tự bid được không ở phòng đang live,0,0,0,0,1,0,0,0,0,1,0,0,0,0,0,0,0,0,0,0,0,0,0,0,0,0,0,0,0,1
autobid có tự kiểm tra tiền không ở giá hiện tại,0,0,0,0,1,0,0,0,0,1,0,0,0,0,0,0,0,0,0,0,0,0,0,0,0,0,0,0,0,1
nếu hết tiền thì auto bidding xử lý sao ở cuối phiên,0,0,0,0,1,0,0,0,0,1,0,0,0,0,0,0,0,0,0,0,0,0,0,0,0,0,0,0,0,1
xem số dư trước khi cài auto bid ở tài khoản của tôi,0,0,0,0,1,0,0,0,0,1,0,0,0,0,0,0,0,0,0,0,0,0,0,0,0,0,0,0,0,1
đừng để tự động bid quá số tiền còn lại ở mã phòng X09,0,0,0,0,1,0,0,0,0,1,0,0,0,0,0,0,0,0,0,0,0,0,0,0,0,0,0,0,0,1
auto bid tới 2.000.000 nếu đủ tiền ở phiên AUC-24,0,0,0,0,1,0,0,0,0,1,0,0,0,0,0,0,0,0,0,0,0,0,0,0,0,0,0,0,0,1
auto bid có theo giá realtime không ở sản phẩm đồng hồ,0,0,0,0,0,0,0,0,0,1,1,0,0,0,0,0,0,0,0,0,0,0,0,0,0,0,0,0,0,1
giá hiện tại đổi thì autobid chạy sao ở card laptop,0,0,0,0,0,0,0,0,0,1,1,0,0,0,0,0,0,0,0,0,0,0,0,0,0,0,0,0,0,1
người khác vừa bid thì hệ thống tự nâng giá chứ ở màn hình lobby,0,0,0,0,0,0,0,0,0,1,1,0,0,0,0,0,0,0,0,0,0,0,0,0,0,0,0,0,0,1
highest bid đổi thì auto bid có cập nhật không ở phòng đang live,0,0,0,0,0,0,0,0,0,1,1,0,0,0,0,0,0,0,0,0,0,0,0,0,0,0,0,0,0,1
bật auto bid theo giá mới nhất ở giá hiện tại,0,0,0,0,0,0,0,0,0,1,1,0,0,0,0,0,0,0,0,0,0,0,0,0,0,0,0,0,0,1
realtime price vượt tôi thì tự bid ở cuối phiên,0,0,0,0,0,0,0,0,0,1,1,0,0,0,0,0,0,0,0,0,0,0,0,0,0,0,0,0,0,1
auto bidding phản ứng khi giá tăng ở tài khoản của tôi,0,0,0,0,0,0,0,0,0,1,1,0,0,0,0,0,0,0,0,0,0,0,0,0,0,0,0,0,0,1
giá đang nhảy liên tục thì auto bid thế nào ở mã phòng X09,0,0,0,0,0,0,0,0,0,1,1,0,0,0,0,0,0,0,0,0,0,0,0,0,0,0,0,0,0,1
tự động đặt giá khi có cập nhật mới ở phiên AUC-24,0,0,0,0,0,0,0,0,0,1,1,0,0,0,0,0,0,0,0,0,0,0,0,0,0,0,0,0,0,1
auto bid có delay so với giá realtime không ở room B12,0,0,0,0,0,0,0,0,0,1,1,0,0,0,0,0,0,0,0,0,0,0,0,0,0,0,0,0,0,1
gần hết giờ bật auto bid được không ở card laptop,0,0,0,0,0,0,0,0,0,0,0,0,0,1,1,0,0,0,0,0,0,0,0,0,0,0,0,0,0,1
auto bidding có chống sniping không ở màn hình lobby,0,0,0,0,0,0,0,0,0,0,0,0,0,1,1,0,0,0,0,0,0,0,0,0,0,0,0,0,0,1
cuối phiên có người vượt thì tự bid không ở phòng đang live,0,0,0,0,0,0,0,0,0,0,0,0,0,1,1,0,0,0,0,0,0,0,0,0,0,0,0,0,0,1
còn 10 giây set autobid kịp không ở giá hiện tại,0,0,0,0,0,0,0,0,0,0,0,0,0,1,1,0,0,0,0,0,0,0,0,0,0,0,0,0,0,1
dùng auto bid để tránh bị cướp phút cuối ở cuối phiên,0,0,0,0,0,0,0,0,0,0,0,0,0,1,1,0,0,0,0,0,0,0,0,0,0,0,0,0,0,1
anti sniping có áp dụng với autobid không ở tài khoản của tôi,0,0,0,0,0,0,0,0,0,0,0,0,0,1,1,0,0,0,0,0,0,0,0,0,0,0,0,0,0,1
tự động bid ở giây cuối được không ở mã phòng X09,0,0,0,0,0,0,0,0,0,0,0,0,0,1,1,0,0,0,0,0,0,0,0,0,0,0,0,0,0,1
phiên sắp kết thúc auto bid còn tác dụng không ở phiên AUC-24,0,0,0,0,0,0,0,0,0,0,0,0,0,1,1,0,0,0,0,0,0,0,0,0,0,0,0,0,0,1
autobid có bị khóa cuối phiên không ở room B12,0,0,0,0,0,0,0,0,0,0,0,0,0,1,1,0,0,0,0,0,0,0,0,0,0,0,0,0,0,1
gần chốt phiên nên bật tự bid không ở sản phẩm đồng hồ,0,0,0,0,0,0,0,0,0,0,0,0,0,1,1,0,0,0,0,0,0,0,0,0,0,0,0,0,0,1
phiên chốt thì autobidding dừng không ở màn hình lobby,0,0,0,0,0,0,0,0,0,0,0,0,0,1,0,0,1,0,0,0,0,0,0,0,0,0,0,0,0,1
hết thời gian auto bid có tiếp tục không ở phòng đang live,0,0,0,0,0,0,0,0,0,0,0,0,0,1,0,0,1,0,0,0,0,0,0,0,0,0,0,0,0,1
auto bid có đặt sau khi phiên kết thúc không ở giá hiện tại,0,0,0,0,0,0,0,0,0,0,0,0,0,1,0,0,1,0,0,0,0,0,0,0,0,0,0,0,0,1
khi tự động chốt phiên thì auto bid xử lý sao ở cuối phiên,0,0,0,0,0,0,0,0,0,0,0,0,0,1,0,0,1,0,0,0,0,0,0,0,0,0,0,0,0,1
phiên đóng rồi autobid có bị hủy không ở tài khoản của tôi,0,0,0,0,0,0,0,0,0,0,0,0,0,1,0,0,1,0,0,0,0,0,0,0,0,0,0,0,0,1
auto bid báo gì sau khi kết thúc phiên ở mã phòng X09,0,0,0,0,0,0,0,0,0,0,0,0,0,1,0,0,1,0,0,0,0,0,0,0,0,0,0,0,0,1
autobidding có lưu kết quả sau khi chốt không ở phiên AUC-24,0,0,0,0,0,0,0,0,0,0,0,0,0,1,0,0,1,0,0,0,0,0,0,0,0,0,0,0,0,1
đến lúc chốt phiên hệ thống còn tự bid không ở room B12,0,0,0,0,0,0,0,0,0,0,0,0,0,1,0,0,1,0,0,0,0,0,0,0,0,0,0,0,0,1
tự động đấu giá chạy đến khi nào ở sản phẩm đồng hồ,0,0,0,0,0,0,0,0,0,0,0,0,0,1,0,0,1,0,0,0,0,0,0,0,0,0,0,0,0,1
auto bid dừng đúng lúc phiên kết thúc chứ ở card laptop,0,0,0,0,0,0,0,0,0,0,0,0,0,1,0,0,1,0,0,0,0,0,0,0,0,0,0,0,0,1
tắt autobidding ở phòng đang live,0,0,0,0,0,0,0,0,0,0,0,0,0,0,0,0,0,0,0,0,0,0,0,1,0,0,0,0,0,1
hủy auto bid đã cài ở giá hiện tại,0,0,0,0,0,0,0,0,0,0,0,0,0,0,0,0,0,0,0,0,0,0,0,1,0,0,0,0,0,1
ngừng tự động đặt giá ở cuối phiên,0,0,0,0,0,0,0,0,0,0,0,0,0,0,0,0,0,0,0,0,0,0,0,1,0,0,0,0,0,1
xem trạng thái autobidding ở tài khoản của tôi,0,0,0,0,0,0,0,0,0,0,0,0,0,0,0,0,0,0,0,0,0,0,0,1,0,0,0,0,0,1
auto bid đang bật hay tắt ở mã phòng X09,0,0,0,0,0,0,0,0,0,0,0,0,0,0,0,0,0,0,0,0,0,0,0,1,0,0,0,0,0,1
kiểm tra cấu hình auto bid ở phiên AUC-24,0,0,0,0,0,0,0,0,0,0,0,0,0,0,0,0,0,0,0,0,0,0,0,1,0,0,0,0,0,1
đổi mức trần autobid sang 800k ở room B12,0,0,0,0,0,0,0,0,0,0,0,0,0,0,0,0,0,0,0,0,0,0,0,1,0,0,0,0,0,1
sửa giới hạn tự động đấu giá ở sản phẩm đồng hồ,0,0,0,0,0,0,0,0,0,0,0,0,0,0,0,0,0,0,0,0,0,0,0,1,0,0,0,0,0,1
xóa thiết lập autobidding ở card laptop,0,0,0,0,0,0,0,0,0,0,0,0,0,0,0,0,0,0,0,0,0,0,0,1,0,0,0,0,0,1
dừng auto bid vì giá cao quá ở màn hình lobby,0,0,0,0,0,0,0,0,0,0,0,0,0,0,0,0,0,0,0,0,0,0,0,1,0,0,0,0,0,1
vào phòng rồi bật auto bid ở đâu ở giá hiện tại,0,0,0,0,0,0,0,1,1,0,0,0,0,0,0,0,0,0,0,0,0,0,0,0,0,0,0,0,0,1
rời phòng thì autobid còn chạy không ở cuối phiên,0,0,0,0,0,0,0,1,1,0,0,0,0,0,0,0,0,0,0,0,0,0,0,0,0,0,0,0,0,1
chưa join room có set auto bid được không ở tài khoản của tôi,0,0,0,0,0,0,0,1,1,0,0,0,0,0,0,0,0,0,0,0,0,0,0,0,0,0,0,0,0,1
tôi out room thì tự bid có giữ không ở mã phòng X09,0,0,0,0,0,0,0,1,1,0,0,0,0,0,0,0,0,0,0,0,0,0,0,0,0,0,0,0,0,1
bật autobidding trong room A102 ở phiên AUC-24,0,0,0,0,0,0,0,1,1,0,0,0,0,0,0,0,0,0,0,0,0,0,0,0,0,0,0,0,0,1
join phiên xong cài tự động bid ở room B12,0,0,0,0,0,0,0,1,1,0,0,0,0,0,0,0,0,0,0,0,0,0,0,0,0,0,0,0,0,1
đang ở lobby auto bid có chạy không ở sản phẩm đồng hồ,0,0,0,0,0,0,0,1,1,0,0,0,0,0,0,0,0,0,0,0,0,0,0,0,0,0,0,0,0,1
thoát phòng có hủy autobidding không ở card laptop,0,0,0,0,0,0,0,1,1,0,0,0,0,0,0,0,0,0,0,0,0,0,0,0,0,0,0,0,0,1
muốn tự bid dù không online trong phòng ở màn hình lobby,0,0,0,0,0,0,0,1,1,0,0,0,0,0,0,0,0,0,0,0,0,0,0,0,0,0,0,0,0,1
cần tham gia phòng trước khi auto bid không ở phòng đang live,0,0,0,0,0,0,0,1,1,0,0,0,0,0,0,0,0,0,0,0,0,0,0,0,0,0,0,0,0,1
chatbot chỉ tôi cách bật autobid ở cuối phiên,0,0,0,0,0,0,0,0,0,0,0,0,1,0,0,0,0,0,0,0,0,0,0,0,1,0,0,0,0,1
bot hỗ trợ cài auto bidding ở tài khoản của tôi,0,0,0,0,0,0,0,0,0,0,0,0,1,0,0,0,0,0,0,0,0,0,0,0,1,0,0,0,0,1
auto bid có báo trong chat phòng không ở mã phòng X09,0,0,0,0,0,0,0,0,0,0,0,0,1,0,0,0,0,0,0,0,0,0,0,0,1,0,0,0,0,1
nhắn tôi khi auto bid thành công ở phiên AUC-24,0,0,0,0,0,0,0,0,0,0,0,0,1,0,0,0,0,0,0,0,0,0,0,0,1,0,0,0,0,1
bot giải thích cơ chế tự động đấu giá ở room B12,0,0,0,0,0,0,0,0,0,0,0,0,1,0,0,0,0,0,0,0,0,0,0,0,1,0,0,0,0,1
chat báo mỗi lần hệ thống tự bid ở sản phẩm đồng hồ,0,0,0,0,0,0,0,0,0,0,0,0,1,0,0,0,0,0,0,0,0,0,0,0,1,0,0,0,0,1
hỏi chatbot mức autobid hợp lý ở card laptop,0,0,0,0,0,0,0,0,0,0,0,0,1,0,0,0,0,0,0,0,0,0,0,0,1,0,0,0,0,1
room chat có hiện auto bid không ở màn hình lobby,0,0,0,0,0,0,0,0,0,0,0,0,1,0,0,0,0,0,0,0,0,0,0,0,1,0,0,0,0,1
bot kiểm tra giúp auto bidding ở phòng đang live,0,0,0,0,0,0,0,0,0,0,0,0,1,0,0,0,0,0,0,0,0,0,0,0,1,0,0,0,0,1
hướng dẫn hủy autobid bằng chatbot ở giá hiện tại,0,0,0,0,0,0,0,0,0,0,0,0,1,0,0,0,0,0,0,0,0,0,0,0,1,0,0,0,0,1
sản phẩm này có cho phép autobidding không ở tài khoản của tôi,0,0,0,0,0,1,1,0,0,0,0,0,0,0,0,0,0,0,0,0,0,0,0,0,0,0,0,0,0,1
xem chi tiết sản phẩm rồi bật auto bid ở mã phòng X09,0,0,0,0,0,1,1,0,0,0,0,0,0,0,0,0,0,0,0,0,0,0,0,0,0,0,0,0,0,1
lọc phiên có hỗ trợ auto bid ở phiên AUC-24,0,0,0,0,0,1,1,0,0,0,0,0,0,0,0,0,0,0,0,0,0,0,0,0,0,0,0,0,0,1
danh sách auction nào có autobidding ở room B12,0,0,0,0,0,1,1,0,0,0,0,0,0,0,0,0,0,0,0,0,0,0,0,0,0,0,0,0,0,1
set auto bid cho iPhone 15 ở sản phẩm đồng hồ,0,0,0,0,0,1,1,0,0,0,0,0,0,0,0,0,0,0,0,0,0,0,0,0,0,0,0,0,0,1
tự động bid cho laptop gaming ở card laptop,0,0,0,0,0,1,1,0,0,0,0,0,0,0,0,0,0,0,0,0,0,0,0,0,0,0,0,0,0,1
chọn phiên đang mở để cài tự bid ở màn hình lobby,0,0,0,0,0,1,1,0,0,0,0,0,0,0,0,0,0,0,0,0,0,0,0,0,0,0,0,0,0,1
món đồ này auto bid được không ở phòng đang live,0,0,0,0,0,1,1,0,0,0,0,0,0,0,0,0,0,0,0,0,0,0,0,0,0,0,0,0,0,1
xem lobby rồi chọn phiên auto bid ở giá hiện tại,0,0,0,0,0,1,1,0,0,0,0,0,0,0,0,0,0,0,0,0,0,0,0,0,0,0,0,0,0,1
phiên nào nên dùng autobidding ở cuối phiên,0,0,0,0,0,1,1,0,0,0,0,0,0,0,0,0,0,0,0,0,0,0,0,0,0,0,0,0,0,1
autobid phát đi bro ở mã phòng X09,0,0,0,0,0,0,0,0,0,1,0,0,0,0,0,0,0,0,0,0,0,0,0,0,1,0,0,0,0,1
set hộ cái auto bid với ở phiên AUC-24,0,0,0,0,0,0,0,0,0,1,0,0,0,0,0,0,0,0,0,0,0,0,0,0,1,0,0,0,0,1
auto biding bị sao á ở room B12,0,0,0,0,0,0,0,0,0,1,0,0,0,0,0,0,0,0,0,0,0,0,0,0,1,0,0,0,0,1
tự bid hộ tui nha ở sản phẩm đồng hồ,0,0,0,0,0,0,0,0,0,1,0,0,0,0,0,0,0,0,0,0,0,0,0,0,1,0,0,0,0,1
bid tự động giùm cái lười canh quá ở card laptop,0,0,0,0,0,0,0,0,0,1,0,0,0,0,0,0,0,0,0,0,0,0,0,0,1,0,0,0,0,1
auto bid 1tr5 okela không ở màn hình lobby,0,0,0,0,0,0,0,0,0,1,0,0,0,0,0,0,0,0,0,0,0,0,0,0,1,0,0,0,0,1
bật auto đấu giá nhanh đi ở phòng đang live,0,0,0,0,0,0,0,0,0,1,0,0,0,0,0,0,0,0,0,0,0,0,0,0,1,0,0,0,0,1
tắt autobid liền giúp tôi ở giá hiện tại,0,0,0,0,0,0,0,0,0,1,0,0,0,0,0,0,0,0,0,0,0,0,0,0,1,0,0,0,0,1
sao auto bit không nhảy giá ở cuối phiên,0,0,0,0,0,0,0,0,0,1,0,0,0,0,0,0,0,0,0,0,0,0,0,0,1,0,0,0,0,1
cài tự độg đặt giá cho phiên này ở tài khoản của tôi,0,0,0,0,0,0,0,0,0,1,0,0,0,0,0,0,0,0,0,0,0,0,0,0,1,0,0,0,0,1
