text,ĐĂNG KÝ TÀI KHOẢN,ĐĂNG NHẬP HỆ THỐNG,QUÊN MẬT KHẨU VÀ ĐẶT LẠI MẬT KHẨU,PHÂN QUYỀN NGƯỜI DÙNG,QUẢN LÝ SỐ DƯ TÀI KHOẢN,XEM DANH SÁCH PHIÊN ĐẤU GIÁ,XEM CHI TIẾT SẢN PHẨM ĐẤU GIÁ,THAM GIA PHÒNG ĐẤU GIÁ,RỜI PHÒNG ĐẤU GIÁ,ĐẶT GIÁ TRONG PHIÊN ĐẤU GIÁ,CẬP NHẬT GIÁ REALTIME,XEM LỊCH SỬ ĐẶT GIÁ,CHAT TRONG PHÒNG ĐẤU GIÁ,XEM THỜI GIAN CÒN LẠI CỦA PHIÊN,ANTI-SNIPING,KHÓA NGƯỜI THAM GIA MỚI Ở CUỐI PHIÊN,TỰ ĐỘNG CHỐT PHIÊN ĐẤU GIÁ,XỬ LÝ TIỀN KHI PHIÊN KẾT THÚC,TỰ ĐỘNG ĐƯA NGƯỜI DÙNG VỀ LOBBY,SELLER TẠO YÊU CẦU PHIÊN ĐẤU GIÁ,KIỂM TRA DỮ LIỆU TẠO PHIÊN ĐẤU GIÁ,YÊU CẦU DUYỆT PHIÊN ĐẤU GIÁ,SELLER ĐÓNG PHIÊN ĐẤU GIÁ,THÔNG BÁO TRẠNG THÁI PHIÊN,CHATBOT HỖ TRỢ NGƯỜI DÙNG,AI HỖ TRỢ AUTO APPROVE,Không Rõ
Ba vai trò bidder seller admin khác nhau như thế nào,0,0,0,1,0,0,0,0,0,0,0,0,0,0,0,0,0,0,0,0,0,0,0,0,0,0,0
Giải thích quyền của từng loại tài khoản trong hệ thống đấu giá,0,0,0,1,0,0,0,0,0,0,0,0,0,0,0,0,0,0,0,0,0,0,0,0,0,0,0
Tài khoản bidder được phép làm những gì,0,0,0,1,0,0,0,0,0,0,0,0,0,0,0,0,0,0,0,0,0,0,0,0,0,0,0
Seller có những quyền gì trong ứng dụng,0,0,0,1,0,0,0,0,0,0,0,0,0,0,0,0,0,0,0,0,0,0,0,0,0,0,0
Admin quản lý được những phần nào của hệ thống,0,0,0,1,0,0,0,0,0,0,0,0,0,0,0,0,0,0,0,0,0,0,0,0,0,0,0
Người bán và người mua trong đấu giá khác quyền ra sao,0,0,0,1,0,0,0,0,0,0,0,0,0,0,0,0,0,0,0,0,0,0,0,0,0,0,0
Tôi muốn biết account của mình thuộc vai trò nào,0,0,0,1,0,0,0,0,0,0,0,0,0,0,0,0,0,0,0,0,0,0,0,0,0,0,0
Hệ thống có những role người dùng nào,0,0,0,1,0,0,0,0,0,0,0,0,0,0,0,0,0,0,0,0,0,0,0,0,0,0,0
Role bidder được dùng cho mục đích gì,0,0,0,1,0,0,0,0,0,0,0,0,0,0,0,0,0,0,0,0,0,0,0,0,0,0,0
Role seller dùng để làm gì,0,0,0,1,0,0,0,0,0,0,0,0,0,0,0,0,0,0,0,0,0,0,0,0,0,0,0
Role admin khác seller ở điểm nào,0,0,0,1,0,0,0,0,0,0,0,0,0,0,0,0,0,0,0,0,0,0,0,0,0,0,0
Tài khoản thường có quyền giống admin không,0,0,0,1,0,0,0,0,0,0,0,0,0,0,0,0,0,0,0,0,0,0,0,0,0,0,0
Ai được kiểm duyệt phiên đấu giá trong hệ thống,0,0,0,1,0,0,0,0,0,0,0,0,0,0,0,0,0,0,0,0,0,0,0,0,0,0,0
Ai được tạo phiên đấu giá mới,0,0,0,1,0,0,0,0,0,0,0,0,0,0,0,0,0,0,0,0,0,0,0,0,0,0,0
Ai được đặt giá trong phiên đang chạy,0,0,0,1,0,0,0,0,0,0,0,0,0,0,0,0,0,0,0,0,0,0,0,0,0,0,0
Người dùng nào có thể quản lý danh sách tài khoản,0,0,0,1,0,0,0,0,0,0,0,0,0,0,0,0,0,0,0,0,0,0,0,0,0,0,0
Bidder có quyền xem và tham gia đấu giá đúng không,0,0,0,1,0,0,0,0,0,0,0,0,0,0,0,0,0,0,0,0,0,0,0,0,0,0,0
Seller có thể vừa bán vừa đặt giá không,0,0,0,1,0,0,0,0,0,0,0,0,0,0,0,0,0,0,0,0,0,0,0,0,0,0,0
Admin có được tham gia đấu giá như bidder không,0,0,0,1,0,0,0,0,0,0,0,0,0,0,0,0,0,0,0,0,0,0,0,0,0,0,0
Quyền người dùng được hệ thống chia theo tiêu chí nào,0,0,0,1,0,0,0,0,0,0,0,0,0,0,0,0,0,0,0,0,0,0,0,0,0,0,0
Có bao nhiêu nhóm người dùng trong app đấu giá,0,0,0,1,0,0,0,0,0,0,0,0,0,0,0,0,0,0,0,0,0,0,0,0,0,0,0
Phân quyền trong app hoạt động ra sao,0,0,0,1,0,0,0,0,0,0,0,0,0,0,0,0,0,0,0,0,0,0,0,0,0,0,0
Tôi cần hiểu vai trò của bidder trước khi dùng,0,0,0,1,0,0,0,0,0,0,0,0,0,0,0,0,0,0,0,0,0,0,0,0,0,0,0
Tôi cần hiểu vai trò seller trước khi đăng sản phẩm,0,0,0,1,0,0,0,0,0,0,0,0,0,0,0,0,0,0,0,0,0,0,0,0,0,0,0
Tôi cần hiểu quyền admin trong hệ thống,0,0,0,1,0,0,0,0,0,0,0,0,0,0,0,0,0,0,0,0,0,0,0,0,0,0,0
Tài khoản của tôi không thấy chức năng quản trị vì sao,0,0,0,1,0,0,0,0,0,0,0,0,0,0,0,0,0,0,0,0,0,0,0,0,0,0,0
Tại sao tôi không có quyền duyệt phiên,0,0,0,1,0,0,0,0,0,0,0,0,0,0,0,0,0,0,0,0,0,0,0,0,0,0,0
Vì sao tài khoản của tôi không thấy mục tạo phiên,0,0,0,1,0,0,0,0,0,0,0,0,0,0,0,0,0,0,0,0,0,0,0,0,0,0,0
Vì sao tôi chỉ thấy màn hình đặt giá mà không thấy quản lý,0,0,0,1,0,0,0,0,0,0,0,0,0,0,0,0,0,0,0,0,0,0,0,0,0,0,0
Có phải mỗi vai trò sẽ thấy giao diện khác nhau không,0,0,0,1,0,0,0,0,0,0,0,0,0,0,0,0,0,0,0,0,0,0,0,0,0,0,0
Giao diện bidder seller admin khác nhau do quyền à,0,0,0,1,0,0,0,0,0,0,0,0,0,0,0,0,0,0,0,0,0,0,0,0,0,0,0
Tài khoản seller có được quản lý người dùng không,0,0,0,1,0,0,0,0,0,0,0,0,0,0,0,0,0,0,0,0,0,0,0,0,0,0,0
Tài khoản bidder có được duyệt phiên không,0,0,0,1,0,0,0,0,0,0,0,0,0,0,0,0,0,0,0,0,0,0,0,0,0,0,0
Admin có toàn quyền với phiên và người dùng không,0,0,0,1,0,0,0,0,0,0,0,0,0,0,0,0,0,0,0,0,0,0,0,0,0,0,0
Người bán có quyền xóa tài khoản người khác không,0,0,0,1,0,0,0,0,0,0,0,0,0,0,0,0,0,0,0,0,0,0,0,0,0,0,0
Bidder có thể tạo sản phẩm đấu giá không,0,0,0,1,0,0,0,0,0,0,0,0,0,0,0,0,0,0,0,0,0,0,0,0,0,0,0
Seller có thể duyệt phiên của chính mình không,0,0,0,1,0,0,0,0,0,0,0,0,0,0,0,0,0,0,0,0,0,0,0,0,0,0,0
Admin có thể xem thông tin bidder seller không,0,0,0,1,0,0,0,0,0,0,0,0,0,0,0,0,0,0,0,0,0,0,0,0,0,0,0
Quyền bidder giới hạn ở phần nào,0,0,0,1,0,0,0,0,0,0,0,0,0,0,0,0,0,0,0,0,0,0,0,0,0,0,0
Quyền seller giới hạn ở phần nào,0,0,0,1,0,0,0,0,0,0,0,0,0,0,0,0,0,0,0,0,0,0,0,0,0,0,0
Quyền admin giới hạn ở phần nào,0,0,0,1,0,0,0,0,0,0,0,0,0,0,0,0,0,0,0,0,0,0,0,0,0,0,0
Tôi muốn biết tài khoản nào được vào khu quản trị,0,0,0,1,0,0,0,0,0,0,0,0,0,0,0,0,0,0,0,0,0,0,0,0,0,0,0
Có role nào dành riêng cho người kiểm duyệt không,0,0,0,1,0,0,0,0,0,0,0,0,0,0,0,0,0,0,0,0,0,0,0,0,0,0,0
Người mới vào hệ thống mặc định thuộc nhóm nào,0,0,0,1,0,0,0,0,0,0,0,0,0,0,0,0,0,0,0,0,0,0,0,0,0,0,0
Tôi nên dùng quyền bidder hay seller nếu chỉ muốn mua hàng,0,0,0,1,0,0,0,0,0,0,0,0,0,0,0,0,0,0,0,0,0,0,0,0,0,0,0
Muốn bán sản phẩm thì cần role gì,0,0,0,1,0,0,0,0,0,0,0,0,0,0,0,0,0,0,0,0,0,0,0,0,0,0,0
Muốn quản lý phiên chờ duyệt thì cần role nào,0,0,0,1,0,0,0,0,0,0,0,0,0,0,0,0,0,0,0,0,0,0,0,0,0,0,0
Muốn tham gia trả giá thì tài khoản cần quyền gì,0,0,0,1,0,0,0,0,0,0,0,0,0,0,0,0,0,0,0,0,0,0,0,0,0,0,0
Muốn xem danh sách người dùng thì phải là ai,0,0,0,1,0,0,0,0,0,0,0,0,0,0,0,0,0,0,0,0,0,0,0,0,0,0,0
Tài khoản admin có khác tài khoản seller không,0,0,0,1,0,0,0,0,0,0,0,0,0,0,0,0,0,0,0,0,0,0,0,0,0,0,0
Hệ thống xác định quyền dựa trên vai trò tài khoản phải không,0,0,0,1,0,0,0,0,0,0,0,0,0,0,0,0,0,0,0,0,0,0,0,0,0,0,0
Role có ảnh hưởng đến chức năng hiển thị không,0,0,0,1,0,0,0,0,0,0,0,0,0,0,0,0,0,0,0,0,0,0,0,0,0,0,0
Có thể một tài khoản có nhiều vai trò không,0,0,0,1,0,0,0,0,0,0,0,0,0,0,0,0,0,0,0,0,0,0,0,0,0,0,0
Bidder và seller có dùng chung màn hình không,0,0,0,1,0,0,0,0,0,0,0,0,0,0,0,0,0,0,0,0,0,0,0,0,0,0,0
Admin và seller khác nhau ở quyền phê duyệt đúng không,0,0,0,1,0,0,0,0,0,0,0,0,0,0,0,0,0,0,0,0,0,0,0,0,0,0,0
Tôi không rõ mình là bidder hay seller,0,0,0,1,0,0,0,0,0,0,0,0,0,0,0,0,0,0,0,0,0,0,0,0,0,0,0
Làm sao phân biệt tài khoản người mua và người bán,0,0,0,1,0,0,0,0,0,0,0,0,0,0,0,0,0,0,0,0,0,0,0,0,0,0,0
Quyền tạo phiên thuộc về seller hay admin,0,0,0,1,0,0,0,0,0,0,0,0,0,0,0,0,0,0,0,0,0,0,0,0,0,0,0
Quyền duyệt phiên thuộc về seller hay admin,0,0,0,1,0,0,0,0,0,0,0,0,0,0,0,0,0,0,0,0,0,0,0,0,0,0,0
Quyền đặt giá thuộc về bidder đúng không,0,0,0,1,0,0,0,0,0,0,0,0,0,0,0,0,0,0,0,0,0,0,0,0,0,0,0
Seller có bị hạn chế không được tự duyệt phiên không,0,0,0,1,0,0,0,0,0,0,0,0,0,0,0,0,0,0,0,0,0,0,0,0,0,0,0
Bidder bị hạn chế không được tạo phiên phải không,0,0,0,1,0,0,0,0,0,0,0,0,0,0,0,0,0,0,0,0,0,0,0,0,0,0,0
Admin có quyền hủy phiên còn seller chỉ đóng phiên đúng không,0,0,0,1,0,0,0,0,0,0,0,0,0,0,0,0,0,0,0,0,0,0,0,0,0,0,0
Tôi muốn biết quyền nào được chỉnh trạng thái phiên,0,0,0,1,0,0,0,0,0,0,0,0,0,0,0,0,0,0,0,0,0,0,0,0,0,0,0
Tài khoản của tôi bị thiếu quyền thao tác,0,0,0,1,0,0,0,0,0,0,0,0,0,0,0,0,0,0,0,0,0,0,0,0,0,0,0
Thông báo không đủ quyền nghĩa là gì,0,0,0,1,0,0,0,0,0,0,0,0,0,0,0,0,0,0,0,0,0,0,0,0,0,0,0
Hệ thống báo unauthorized khi tôi mở chức năng quản trị,0,0,0,1,0,0,0,0,0,0,0,0,0,0,0,0,0,0,0,0,0,0,0,0,0,0,0
Không có quyền truy cập màn admin là sao,0,0,0,1,0,0,0,0,0,0,0,0,0,0,0,0,0,0,0,0,0,0,0,0,0,0,0
Tài khoản seller không mở được trang admin có bình thường không,0,0,0,1,0,0,0,0,0,0,0,0,0,0,0,0,0,0,0,0,0,0,0,0,0,0,0
Bidder mở trang seller bị chặn là đúng không,0,0,0,1,0,0,0,0,0,0,0,0,0,0,0,0,0,0,0,0,0,0,0,0,0,0,0
Tôi chỉ thấy lobby chứ không thấy trang tạo phiên,0,0,0,1,0,0,0,0,0,0,0,0,0,0,0,0,0,0,0,0,0,0,0,0,0,0,0
Tôi thấy nút quản lý bị ẩn theo quyền tài khoản à,0,0,0,1,0,0,0,0,0,0,0,0,0,0,0,0,0,0,0,0,0,0,0,0,0,0,0
Tôi không tìm thấy menu admin sau khi vào hệ thống,0,0,0,1,0,0,0,0,0,0,0,0,0,0,0,0,0,0,0,0,0,0,0,0,0,0,0
Sao tài khoản này chỉ đặt giá được mà không đăng bán được,0,0,0,1,0,0,0,0,0,0,0,0,0,0,0,0,0,0,0,0,0,0,0,0,0,0,0
Sao tài khoản kia tạo phiên được còn tôi thì không,0,0,0,1,0,0,0,0,0,0,0,0,0,0,0,0,0,0,0,0,0,0,0,0,0,0,0
Có cần admin cấp quyền seller cho tôi không,0,0,0,1,0,0,0,0,0,0,0,0,0,0,0,0,0,0,0,0,0,0,0,0,0,0,0
Quyền của tài khoản có thay đổi được không,0,0,0,1,0,0,0,0,0,0,0,0,0,0,0,0,0,0,0,0,0,0,0,0,0,0,0
Nếu đổi từ bidder sang seller thì chức năng có đổi không,0,0,0,1,0,0,0,0,0,0,0,0,0,0,0,0,0,0,0,0,0,0,0,0,0,0,0
Tài khoản admin có cần thêm quyền riêng để duyệt không,0,0,0,1,0,0,0,0,0,0,0,0,0,0,0,0,0,0,0,0,0,0,0,0,0,0,0
Seller có nhìn thấy danh sách user như admin không,0,0,0,1,0,0,0,0,0,0,0,0,0,0,0,0,0,0,0,0,0,0,0,0,0,0,0
Bidder có xem được màn hình kiểm duyệt không,0,0,0,1,0,0,0,0,0,0,0,0,0,0,0,0,0,0,0,0,0,0,0,0,0,0,0
Ai được xem các yêu cầu phiên đang chờ,0,0,0,1,0,0,0,0,0,0,0,0,0,0,0,0,0,0,0,0,0,0,0,0,0,0,0
Người bán có quản lý được phiên của người khác không,0,0,0,1,0,0,0,0,0,0,0,0,0,0,0,0,0,0,0,0,0,0,0,0,0,0,0
Admin có quản lý được phiên của mọi seller không,0,0,0,1,0,0,0,0,0,0,0,0,0,0,0,0,0,0,0,0,0,0,0,0,0,0,0
Nếu không phải admin thì có xóa người dùng được không,0,0,0,1,0,0,0,0,0,0,0,0,0,0,0,0,0,0,0,0,0,0,0,0,0,0,0
Nếu không phải seller thì có tạo yêu cầu bán hàng không,0,0,0,1,0,0,0,0,0,0,0,0,0,0,0,0,0,0,0,0,0,0,0,0,0,0,0
Nếu không phải bidder thì có đặt giá được không,0,0,0,1,0,0,0,0,0,0,0,0,0,0,0,0,0,0,0,0,0,0,0,0,0,0,0
Tôi cần quyền gì để dùng chức năng bán đấu giá,0,0,0,1,0,0,0,0,0,0,0,0,0,0,0,0,0,0,0,0,0,0,0,0,0,0,0
Tôi cần quyền gì để dùng chức năng quản trị,0,0,0,1,0,0,0,0,0,0,0,0,0,0,0,0,0,0,0,0,0,0,0,0,0,0,0
Tôi cần quyền gì để chỉ tham gia mua,0,0,0,1,0,0,0,0,0,0,0,0,0,0,0,0,0,0,0,0,0,0,0,0,0,0,0
Màn hình của tôi phụ thuộc vào role nào,0,0,0,1,0,0,0,0,0,0,0,0,0,0,0,0,0,0,0,0,0,0,0,0,0,0,0
Quyền người dùng được lưu theo tài khoản hay theo phiên,0,0,0,1,0,0,0,0,0,0,0,0,0,0,0,0,0,0,0,0,0,0,0,0,0,0,0
Role có quyết định tôi được vào phòng nào không,0,0,0,1,0,0,0,0,0,0,0,0,0,0,0,0,0,0,0,0,0,0,0,0,0,0,0
Phân quyền có áp dụng sau khi đăng nhập không,0,0,0,1,0,0,0,0,0,0,0,0,0,0,0,0,0,0,0,0,0,0,0,0,0,0,0
Tại sao cùng một app nhưng mỗi người thấy menu khác nhau,0,0,0,1,0,0,0,0,0,0,0,0,0,0,0,0,0,0,0,0,0,0,0,0,0,0,0
Có tài khoản nhưng bị giới hạn chức năng là do role à,0,0,0,1,0,0,0,0,0,0,0,0,0,0,0,0,0,0,0,0,0,0,0,0,0,0,0
Hỏi về quyền truy cập của seller trong hệ thống,0,0,0,1,0,0,0,0,0,0,0,0,0,0,0,0,0,0,0,0,0,0,0,0,0,0,0
Hỏi về quyền truy cập của bidder trong hệ thống,0,0,0,1,0,0,0,0,0,0,0,0,0,0,0,0,0,0,0,0,0,0,0,0,0,0,0
Hỏi về quyền truy cập của admin trong hệ thống,0,0,0,1,0,0,0,0,0,0,0,0,0,0,0,0,0,0,0,0,0,0,0,0,0,0,0
Tôi muốn so sánh quyền giữa ba nhóm người dùng,0,0,0,1,0,0,0,0,0,0,0,0,0,0,0,0,0,0,0,0,0,0,0,0,0,0,0
Mình là người bán thì có quyền nào,0,0,0,1,0,0,0,0,0,0,0,0,0,0,0,0,0,0,0,0,0,0,0,0,0,0,0
Mình là người mua thì có quyền nào,0,0,0,1,0,0,0,0,0,0,0,0,0,0,0,0,0,0,0,0,0,0,0,0,0,0,0
Người quản trị hệ thống được làm những gì,0,0,0,1,0,0,0,0,0,0,0,0,0,0,0,0,0,0,0,0,0,0,0,0,0,0,0
Tài khoản xem được chức năng nào dựa vào đâu,0,0,0,1,0,0,0,0,0,0,0,0,0,0,0,0,0,0,0,0,0,0,0,0,0,0,0
Vai trò tài khoản có ảnh hưởng đến quyền thao tác không,0,0,0,1,0,0,0,0,0,0,0,0,0,0,0,0,0,0,0,0,0,0,0,0,0,0,0
role nguoi dung trong app la gi,0,0,0,1,0,0,0,0,0,0,0,0,0,0,0,0,0,0,0,0,0,0,0,0,0,0,0
phan quyen bidder seller admin nhu nao,0,0,0,1,0,0,0,0,0,0,0,0,0,0,0,0,0,0,0,0,0,0,0,0,0,0,0
bidder co nhung quyen gi vay,0,0,0,1,0,0,0,0,0,0,0,0,0,0,0,0,0,0,0,0,0,0,0,0,0,0,0
seller duoc lam gi trong he thong,0,0,0,1,0,0,0,0,0,0,0,0,0,0,0,0,0,0,0,0,0,0,0,0,0,0,0
admin co quyen gi tren app dau gia,0,0,0,1,0,0,0,0,0,0,0,0,0,0,0,0,0,0,0,0,0,0,0,0,0,0,0
tk toi la role nao,0,0,0,1,0,0,0,0,0,0,0,0,0,0,0,0,0,0,0,0,0,0,0,0,0,0,0
tai khoan nay bi thieu quyen ha,0,0,0,1,0,0,0,0,0,0,0,0,0,0,0,0,0,0,0,0,0,0,0,0,0,0,0
khong du quyen vao man admin,0,0,0,1,0,0,0,0,0,0,0,0,0,0,0,0,0,0,0,0,0,0,0,0,0,0,0
seller co dc duyet phien ko,0,0,0,1,0,0,0,0,0,0,0,0,0,0,0,0,0,0,0,0,0,0,0,0,0,0,0
bidder co tao phien duoc khong,0,0,0,1,0,0,0,0,0,0,0,0,0,0,0,0,0,0,0,0,0,0,0,0,0,0,0
admin vs seller khac nhau sao,0,0,0,1,0,0,0,0,0,0,0,0,0,0,0,0,0,0,0,0,0,0,0,0,0,0,0
nguoi mua va nguoi ban khac role gi,0,0,0,1,0,0,0,0,0,0,0,0,0,0,0,0,0,0,0,0,0,0,0,0,0,0,0
role co anh huong menu hien thi ko,0,0,0,1,0,0,0,0,0,0,0,0,0,0,0,0,0,0,0,0,0,0,0,0,0,0,0
muon ban hang can quyen seller dung k,0,0,0,1,0,0,0,0,0,0,0,0,0,0,0,0,0,0,0,0,0,0,0,0,0,0,0
muon mua dau gia thi dung role nao,0,0,0,1,0,0,0,0,0,0,0,0,0,0,0,0,0,0,0,0,0,0,0,0,0,0,0
co role nao de quan tri user khong,0,0,0,1,0,0,0,0,0,0,0,0,0,0,0,0,0,0,0,0,0,0,0,0,0,0,0
ad co xem duoc tat ca tai khoan khong,0,0,0,1,0,0,0,0,0,0,0,0,0,0,0,0,0,0,0,0,0,0,0,0,0,0,0
seller co xem duoc list user khong,0,0,0,1,0,0,0,0,0,0,0,0,0,0,0,0,0,0,0,0,0,0,0,0,0,0,0
bidder chi duoc bid thoi ha,0,0,0,1,0,0,0,0,0,0,0,0,0,0,0,0,0,0,0,0,0,0,0,0,0,0,0
toi bi chan vi ko co role admin,0,0,0,1,0,0,0,0,0,0,0,0,0,0,0,0,0,0,0,0,0,0,0,0,0,0,0
tk bidder sao khong thay tao phien,0,0,0,1,0,0,0,0,0,0,0,0,0,0,0,0,0,0,0,0,0,0,0,0,0,0,0
tk seller sao khong thay duyet phien,0,0,0,1,0,0,0,0,0,0,0,0,0,0,0,0,0,0,0,0,0,0,0,0,0,0,0
role cua account co doi duoc khong,0,0,0,1,0,0,0,0,0,0,0,0,0,0,0,0,0,0,0,0,0,0,0,0,0,0,0
phan quyen sau login nhu nao,0,0,0,1,0,0,0,0,0,0,0,0,0,0,0,0,0,0,0,0,0,0,0,0,0,0,0
giao dien khac nhau theo quyen a,0,0,0,1,0,0,0,0,0,0,0,0,0,0,0,0,0,0,0,0,0,0,0,0,0,0,0
quyen user bi sai hay sao ay,0,0,0,1,0,0,0,0,0,0,0,0,0,0,0,0,0,0,0,0,0,0,0,0,0,0,0
khong thay chuc nang ban hang vi chua la seller,0,0,0,1,0,0,0,0,0,0,0,0,0,0,0,0,0,0,0,0,0,0,0,0,0,0,0
admin moi duyet phien duoc phai khong,0,0,0,1,0,0,0,0,0,0,0,0,0,0,0,0,0,0,0,0,0,0,0,0,0,0,0
seller tu duyet phien cua minh dc ko,0,0,0,1,0,0,0,0,0,0,0,0,0,0,0,0,0,0,0,0,0,0,0,0,0,0,0
bidder co xem man quan tri duoc ko,0,0,0,1,0,0,0,0,0,0,0,0,0,0,0,0,0,0,0,0,0,0,0,0,0,0,0
phân quyên người dùng là gì,0,0,0,1,0,0,0,0,0,0,0,0,0,0,0,0,0,0,0,0,0,0,0,0,0,0,0
tôi bị báo ko đủ quyên,0,0,0,1,0,0,0,0,0,0,0,0,0,0,0,0,0,0,0,0,0,0,0,0,0,0,0
role seller có đc quản lý user không,0,0,0,1,0,0,0,0,0,0,0,0,0,0,0,0,0,0,0,0,0,0,0,0,0,0,0
acc admin khác acc thường chỗ nào,0,0,0,1,0,0,0,0,0,0,0,0,0,0,0,0,0,0,0,0,0,0,0,0,0,0,0
người dùng mới có quyển gì trong app,0,0,0,1,0,0,0,0,0,0,0,0,0,0,0,0,0,0,0,0,0,0,0,0,0,0,0
Khi đăng ký tài khoản tôi chọn role bidder hay seller ở đâu,1,0,0,1,0,0,0,0,0,0,0,0,0,0,0,0,0,0,0,0,0,0,0,0,0,0,0
Tạo account seller mới thì hệ thống gán quyền bán hàng như thế nào,1,0,0,1,0,0,0,0,0,0,0,0,0,0,0,0,0,0,0,0,0,0,0,0,0,0,0
Tôi muốn đăng ký tài khoản người bán để có quyền tạo phiên,1,0,0,1,0,0,0,0,0,0,0,0,0,0,0,0,0,0,0,1,0,0,0,0,0,0,0
Đăng ký bidder thì sau này chỉ được tham gia đặt giá phải không,1,0,0,1,0,0,0,0,0,1,0,0,0,0,0,0,0,0,0,0,0,0,0,0,0,0,0
Form register có phần chọn quyền admin không,1,0,0,1,0,0,0,0,0,0,0,0,0,0,0,0,0,0,0,0,0,0,0,0,0,0,0
Tài khoản mới tạo được gán role nào trước khi đăng nhập,1,1,0,1,0,0,0,0,0,0,0,0,0,0,0,0,0,0,0,0,0,0,0,0,0,0,0
dang ky acc seller de co quyen dang phien dau gia,1,0,0,1,0,0,0,0,0,0,0,0,0,0,0,0,0,0,0,1,0,0,0,0,0,0,0
Tôi muốn mở tài khoản bidder để chỉ vào phòng và bid sản phẩm,1,0,0,1,0,0,0,1,0,1,0,0,0,0,0,0,0,0,0,0,0,0,0,0,0,0,0
Sau khi đăng nhập hệ thống đưa tôi vào giao diện theo role nào,0,1,0,1,0,0,0,0,0,0,0,0,0,0,0,0,0,0,0,0,0,0,0,0,0,0,0
Login bằng tài khoản admin nhưng không thấy menu quản trị,0,1,0,1,0,0,0,0,0,0,0,0,0,0,0,0,0,0,0,0,0,0,0,0,0,0,0
Tôi đăng nhập seller mà lại hiện màn bidder,0,1,0,1,0,0,0,0,0,0,0,0,0,0,0,0,0,0,0,0,0,0,0,0,0,0,0
dn xong sao app khong nhan role seller,0,1,0,1,0,0,0,0,0,0,0,0,0,0,0,0,0,0,0,0,0,0,0,0,0,0,0
Đăng nhập thành công thì quyền bidder seller admin được áp dụng ra sao,0,1,0,1,0,0,0,0,0,0,0,0,0,0,0,0,0,0,0,0,0,0,0,0,0,0,0
Tôi muốn login bằng tài khoản seller để kiểm tra quyền bán hàng,0,1,0,1,0,0,0,0,0,0,0,0,0,0,0,0,0,0,0,0,0,0,0,0,0,0,0
Bidder có quyền vào phòng đấu giá và đặt giá không,0,0,0,1,0,0,0,1,0,1,0,0,0,0,0,0,0,0,0,0,0,0,0,0,0,0,0
Seller của phiên có được vào phòng trước khi bắt đầu theo quyền seller không,0,0,0,1,0,0,0,1,0,0,0,0,0,0,0,0,0,0,0,0,0,0,0,0,0,0,0
Tôi là bidder nhưng bị chặn vào phòng vì quyền tài khoản,0,0,0,1,0,0,0,1,0,0,0,0,0,0,0,0,0,0,0,0,0,0,0,0,0,0,0
Người không phải bidder có được đặt bid trong phiên không,0,0,0,1,0,0,0,0,0,1,0,0,0,0,0,0,0,0,0,0,0,0,0,0,0,0,0
Tài khoản seller có được tham gia đặt giá như bidder không,0,0,0,1,0,0,0,1,0,1,0,0,0,0,0,0,0,0,0,0,0,0,0,0,0,0,0
role bidder moi duoc vao phong va bid ha,0,0,0,1,0,0,0,1,0,1,0,0,0,0,0,0,0,0,0,0,0,0,0,0,0,0,0
Admin có được vào phòng đấu giá để đặt giá không,0,0,0,1,0,0,0,1,0,1,0,0,0,0,0,0,0,0,0,0,0,0,0,0,0,0,0
Tôi không thấy nút đặt giá vì tài khoản không phải bidder,0,0,0,1,0,0,0,0,0,1,0,0,0,0,0,0,0,0,0,0,0,0,0,0,0,0,0
Seller có quyền tạo yêu cầu mở phiên đấu giá mới không,0,0,0,1,0,0,0,0,0,0,0,0,0,0,0,0,0,0,0,1,0,0,0,0,0,0,0
Tôi là seller muốn tạo phiên nhưng hệ thống báo thiếu quyền,0,0,0,1,0,0,0,0,0,0,0,0,0,0,0,0,0,0,0,1,0,0,0,0,0,0,0
Người bán nhập thông tin sản phẩm để gửi duyệt thì cần quyền seller đúng không,0,0,0,1,0,0,0,0,0,0,0,0,0,0,0,0,0,0,0,1,0,1,0,0,0,0,0
seller role co gui yeu cau duyet phien duoc ko,0,0,0,1,0,0,0,0,0,0,0,0,0,0,0,0,0,0,0,1,0,1,0,0,0,0,0
Bidder có thể tạo yêu cầu phiên đấu giá hay phải đổi sang seller,0,0,0,1,0,0,0,0,0,0,0,0,0,0,0,0,0,0,0,1,0,0,0,0,0,0,0
Muốn bán hàng tôi cần quyền seller để tạo phiên và chờ duyệt,0,0,0,1,0,0,0,0,0,0,0,0,0,0,0,0,0,0,0,1,0,1,0,0,0,0,0
Seller được đóng phiên của mình hay chỉ admin mới xử lý,0,0,0,1,0,0,0,0,0,0,0,0,0,0,0,0,0,0,0,0,0,0,1,0,0,0,0
Tôi có role seller nhưng không mở được form tạo phiên,0,0,0,1,0,0,0,0,0,0,0,0,0,0,0,0,0,0,0,1,0,0,0,0,0,0,0
Người bán có quyền gửi yêu cầu duyệt phiên sau khi tạo sản phẩm không,0,0,0,1,0,0,0,0,0,0,0,0,0,0,0,0,0,0,0,1,0,1,0,0,0,0,0
Bidder cần số dư đủ và đúng quyền thì mới vào được phòng phải không,0,0,0,1,1,0,0,1,0,0,0,0,0,0,0,0,0,0,0,0,0,0,0,0,0,0,0
"Tôi là bidder muốn xem số dư trước khi đặt giá, quyền này có bị giới hạn không",0,0,0,1,1,0,0,0,0,1,0,0,0,0,0,0,0,0,0,0,0,0,0,0,0,0,0
Quyền bidder cho phép xem lịch sử đặt giá của phiên không,0,0,0,1,0,0,0,0,0,0,0,1,0,0,0,0,0,0,0,0,0,0,0,0,0,0,0
Tài khoản seller xem chi tiết sản phẩm trong phiên của mình có khác bidder không,0,0,0,1,0,0,1,0,0,0,0,0,0,0,0,0,0,0,0,0,0,0,0,0,0,0,0
Seller đóng phiên của mình thì quyền seller và thông báo cho người dùng xử lý ra sao,0,0,0,1,0,0,0,0,0,0,0,0,0,0,0,0,0,0,0,0,0,0,1,1,0,0,0
Chatbot giải thích giúp quyền bidder seller admin và cách dùng từng role,0,0,0,1,0,0,0,0,0,0,0,0,0,0,0,0,0,0,0,0,0,0,0,0,1,0,0
