text,HELLO,OK,COMPLIMENT,CONNECT_TO_ADMIN,EXPLAIN_BALANCE,GUIDE_SEARCH_AUCTION,GUIDE_BIDDING,GUIDE_CREATE_AUCTION,GUIDE_CHECK_TIME_LEFT,GUIDE_ANTI_SNIPING,UNKNOWN
số dư ảnh hưởng gì khi đặt giá giúp tôi,0,0,0,0,1,0,0,0,0,0,0
lam sao de dat gia toi hoi chua ro,0,0,0,0,0,0,1,0,0,0,0
ê trai nghiem kha tot tren man hinh hien tai,0,0,1,0,0,0,0,0,0,0,0
đếm ngược nằm ở chỗ nào,0,0,0,0,0,0,0,0,1,0,0
khi nào phiên kết thúc trong hệ thống,0,0,0,0,0,0,0,0,1,0,0
số dư trong hệ thống được hiểu như thế nào tôi hơi chưa rõ,0,0,0,0,1,0,0,0,0,0,0
can lien he admin noi ngan gon thoi,0,0,0,1,0,0,0,0,0,0,0
xem phiên sắp kết thúc tôi hơi chưa rõ,0,0,0,0,0,1,0,0,0,0,0
search phiên đấu giá sau đó xem thời hạn phiên đấu giá,0,0,0,0,0,1,0,0,1,0,0
khi nào phiên kết thúc với ạ,0,0,0,0,0,0,0,0,1,0,0
hơi gấp bạn đang online kông và vì sao thời gian đấu ggiá tăng thêm huhu,1,0,0,0,0,0,0,0,0,1,0
cần thông tin gì để tạo phiên trong hệ thống,0,0,0,0,0,0,0,1,0,0,0
đồng ý trên màn hình hiện tại,0,1,0,0,0,0,0,0,0,0,0
ờ da hieu tren man hinh hien tai,0,1,0,0,0,0,0,0,0,0,0
ổn rồi,0,1,0,0,0,0,0,0,0,0,0
phiên này còn bao lâu,0,0,0,0,0,0,0,0,1,0,0
tôi muốn nghe nhạc với ạ,0,0,0,0,0,0,0,0,0,0,1
hi tro ly xong roi can ho tro truc tiep gấp,1,0,0,1,0,0,0,0,0,0,0
số tiền còn lại trong ví là gì trong hệ thống,0,0,0,0,1,0,0,0,0,0,0
cách lọc phiên đấu giá theo danh mục tôi hơi chưa rõ,0,0,0,0,0,1,0,0,0,0,0
trải nghiệm khá tốt nói ngắn gọn thôi,0,0,1,0,0,0,0,0,0,0,0
cách lọc phiên đấu giá theo danh mục khi tôi đang dùng app,0,0,0,0,0,1,0,0,0,0,0
hi trợ lý sau đó làm sao để đặt giá,1,0,0,0,0,0,1,0,0,0,0
tạo phiên cho sp mới tôi hơi chưa rõ,0,0,0,0,0,0,0,1,0,0,0
gia han tu dong khhi nao xay ra noi gnan gon thoi,0,0,0,0,0,0,0,0,0,1,0
kiểm tra giờ kết thúc phiên,0,0,0,0,0,0,0,0,1,0,0
thông tin này giúp ích nhiều nhé,0,0,1,0,0,0,0,0,0,0,0
hướng dẫn tìm phòng đấu giá nhé,0,0,0,0,0,1,0,0,0,0,0
ok rồi cần nhập gì khi đặt giá,0,1,0,0,0,0,1,0,0,0,0
số dư liên quan gì tới thanh toán tôi hơi chưa rõ,0,0,0,0,1,0,0,0,0,0,0
luat chong dat gia phut cuoi voi a ...,0,0,0,0,0,0,0,0,0,1,0
hướng dẫn tôi bid nhé,0,0,0,0,0,0,1,0,0,0,0
số dư liên quan gì tới thanh toán rồi làm sao để đặt giá,0,0,0,0,1,0,1,0,0,0,0
vì sao phải kiểm tra số dư trên màn hình hiện tại,0,0,0,0,1,0,0,0,0,0,0
này cach mo phong dau gia mooi khi toi dag dung app,0,0,0,0,0,0,0,1,0,0,0
ggiai thich e hieu trong he thong,0,0,1,0,0,0,0,0,0,0,0
cho tôi hỏi một chút trong hệ thống,1,0,0,0,0,0,0,0,0,0,0
pls anti sniping hoat dong the nao giup toi,0,0,0,0,0,0,0,0,0,1,0
alo chatbot nói ngắn gọn thôi,1,0,0,0,0,0,0,0,0,0,0
huong dan toi bid noi ngan gon thoi ạ,0,0,0,0,0,0,1,0,0,0,0
hướng dẫn đăng sản phẩm đấu giá nói ngắn gọn thôi,0,0,0,0,0,0,0,1,0,0,0
hello khi tôi đang dùng app,1,0,0,0,0,0,0,0,0,0,0
seller lobby tạo phiên ở đâu với ạ,0,0,0,0,0,0,0,1,0,0,0
không rõ lắm tôi mmuốn dgia sản phẩm trê màn hình hiện tại,0,0,0,0,0,0,1,0,0,0,0
hiểu rồi sau đó tôi muốn đấu giá sản phẩm,0,1,0,0,0,0,1,0,0,0,0
help bam nut nao de gui gia kem theo phien gan het gio chua,0,0,0,0,0,0,1,0,1,0,0
liên hệ người phụ trách giúp tôi trong hệ thống,0,0,0,1,0,0,0,0,0,0,0
xin chào nhé,1,0,0,0,0,0,0,0,0,0,0
bạn làm tốt lắm đồng thời hướng dẫn tôi bid,0,0,1,0,0,0,1,0,0,0,0
kể chuyện cười đi giúp tôi,0,0,0,0,0,0,0,0,0,0,1
cách mở phòng đấu giá mới sau đó cơ chế gia hạn phiên cuối giờ,0,0,0,0,0,0,0,1,0,1,0
help auto exted trrong dau gia la gi tren man hinh hien tai,0,0,0,0,0,0,0,0,0,1,0
toi muon gap tu vna vien trong e thong ạ,0,0,0,1,0,0,0,0,0,0,0
loc sp dang dau gia xong roi auction con bao lau nha,0,0,0,0,0,1,0,0,1,0,0
không rõ lắm viết bài thơ về biển trên màn hình hiện tại đc ko,0,0,0,0,0,0,0,0,0,0,1
bạn đang online không xong rồi lọc sản phẩm đang đấu giá,1,0,0,0,0,1,0,0,0,0,0
tạo phiên cho sp mới xong rồi phiên này còn bao lâu,0,0,0,0,0,0,0,1,1,0,0
seller lobby tạo phiên ở đâu sau đó xem thời gian còn lại,0,0,0,0,0,0,0,1,1,0,0
rõ rồi khi tôi đang dùng app,0,1,0,0,0,0,0,0,0,0,0
seller muốn đăng sản phẩm,0,0,0,0,0,0,0,1,0,0,0
ok trên màn hình hiện tại,0,1,0,0,0,0,0,0,0,0,0
cần hỗ trợ trực tiếp và làm sao tạo phiên đấu giá,0,0,0,1,0,0,0,1,0,0,0
ơhi gấp can thong tin ggi de tao phien nhe,0,0,0,0,0,0,0,1,0,0,0
đồng ý nói ngắn gọn thôi,0,1,0,0,0,0,0,0,0,0,0
bạn thích màu gì giúp tôi,0,0,0,0,0,0,0,0,0,0,1
ok xong rồi hướng dẫn đăng sp đấu giá,0,1,0,0,0,0,0,1,0,0,0
tôi mới vào hệ thống sau đó anti sniping hoạt động thế nào,1,0,0,0,0,0,0,0,0,1,0
trải nghiệm khá tốt cho người mới,0,0,1,0,0,0,0,0,0,0,0
không rõ lắm hoom nay trio dep voi a,0,0,0,0,0,0,0,0,0,0,1
xem thời gian còn lại,0,0,0,0,0,0,0,0,1,0,0
rõ rồi trong hệ thống,0,1,0,0,0,0,0,0,0,0,0
auction còn bao lâu,0,0,0,0,0,0,0,0,1,0,0
cho hỏi giải thíích chống sniing,0,0,0,0,0,0,0,0,0,1,0
mình hỏi ngu tí lam sao kiem tra phien dang hoat dong va dem nguoc nam o cho nao huhu,0,0,0,0,0,1,0,0,1,0,0
lobby co nhung phien noa trng he thong,0,0,0,0,0,1,0,0,0,0,0
tạm ổn,0,1,0,0,0,0,0,0,0,0,0
auction còn bao lâu tôi hơi chưa rõ,0,0,0,0,0,0,0,0,1,0,0
làm sao xem danh sách đấu giá cho người mới,0,0,0,0,0,1,0,0,0,0,0
search phiên đấu giá nhé,0,0,0,0,0,1,0,0,0,0,0
còn mấy phút nữa kết thúc cho người mới,0,0,0,0,0,0,0,0,1,0,0
cau tra loi du roi tren man hinh hien tai với,0,1,0,0,0,0,0,0,0,0,0
hiểu rồi cho người mới,0,1,0,0,0,0,0,0,0,0,0
chatbot thông minh với ạ,0,0,1,0,0,0,0,0,0,0,0
xem thời hạn phiên đấu giá trên màn hình hiện tại,0,0,0,0,0,0,0,0,1,0,0
help dong y xong roi can nhap gi khi dat gia thanks,0,1,0,0,0,0,1,0,0,0,0
ad ơi ad co the ho tro khong xong roi quy trinh dat gia trong phong,0,0,0,1,0,0,1,0,0,0,0
hiểu rồi nói ngắn gọn thôi,0,1,0,0,0,0,0,0,0,0,0
khi nào phiên kết thúc nói ngắn gọn thôi,0,0,0,0,0,0,0,0,1,0,0
chào buổi sáng sua đó tại sao pphiên tự kéo dài với,1,0,0,0,0,0,0,0,0,1,0
tìm auction room giúp tôi,0,0,0,0,0,1,0,0,0,0,0
gửi phiên để admin duyệt tôi hơi chưa rõ,0,0,0,0,0,0,0,1,0,0,0
kiểm tra time left,0,0,0,0,0,0,0,0,1,0,0
tim auction room dong thoi phien gan het gio chua,0,0,0,0,0,1,0,0,1,0,0
cho hỏi keim tra gi ket thuc phien trong he thong,0,0,0,0,0,0,0,0,1,0,0
tôi mới vào hệ thống khi tôi đang dùng app,1,0,0,0,0,0,0,0,0,0,0
hướng dẫn về chống đặt giá phút cuối tôi hơi chưa rõ,0,0,0,0,0,0,0,0,0,1,0
help kết nối admin giúp tôi giúp tôi,0,0,0,1,0,0,0,0,0,0,0
số dư liên quan gì tới thanh toán,0,0,0,0,1,0,0,0,0,0,0
tôi ghi nhận giúp tôi,0,1,0,0,0,0,0,0,0,0,0
hướng dẫn xem countdown cho người mới,0,0,0,0,0,0,0,0,1,0,0
đã hiểu cho người mới,0,1,0,0,0,0,0,0,0,0,0
ê toi can nguoi xu ly noi ngan gon thoi,0,0,0,1,0,0,0,0,0,0,0
lọc sản phẩm đang đấu giá đồng thời đặt giá như thế nào,0,0,0,0,0,1,1,0,0,0,0
miinh hcao ban trong he thong ạ,1,0,0,0,0,0,0,0,0,0,0
admin có thể hỗ trợ không trong hệ thống,0,0,0,1,0,0,0,0,0,0,0
toi can nugoi xu ly trong e thong,0,0,0,1,0,0,0,0,0,0,0
rõ rồi nhé,0,1,0,0,0,0,0,0,0,0,0
search phiên đấu giá cho người mới,0,0,0,0,0,1,0,0,0,0,0
tai sao phien tu keo dai khi toi dang dung app,0,0,0,0,0,0,0,0,0,1,0
hơi gấp vi sao thoi gian dau gia tang them nhe,0,0,0,0,0,0,0,0,0,1,0
ý nghĩa của số dư trong đấu giá,0,0,0,0,1,0,0,0,0,0,0
làm sao xem danh scáh đấu giá cho ngưi mới,0,0,0,0,0,1,0,0,0,0,0
tạm ổn trên màn hình hiện tại,0,1,0,0,0,0,0,0,0,0,0
giá hợp lệ là gì khi bid ...,0,0,0,0,0,0,1,0,0,0,0
huong dan dang san pham dau gia voi a,0,0,0,0,0,0,0,1,0,0,0
goi nha vien ho troo dong thoi tao phien cho san pham moi nha,0,0,0,1,0,0,0,1,0,0,0
tg ddau gia con bao nhiue nhe ???,0,0,0,0,0,0,0,0,1,0,0
cho hỏi làm sao kiể tra phiên đang hoạt động kèm theo hướng dẫẫn xem countdown,0,0,0,0,0,1,0,0,1,0,0
hey assistant trên màn hình hiện tại,1,0,0,0,0,0,0,0,0,0,0
không rõ lắm làm saao biết phiên sắp hết giờ thans,0,0,0,0,0,0,0,0,1,0,0
chào hệ thống với ạ,1,0,0,0,0,0,0,0,0,0,0
cho hỏi cach loc phien dau gia theo danh muc xong roi gia hop le la gi khi bid,0,0,0,0,0,1,1,0,0,0,0
cach loc phien dau gia theo danh muc cho nguoi moi,0,0,0,0,0,1,0,0,0,0,0
chào buổi chiều kèm theo số dư có phải tiền khả dụng không,1,0,0,0,1,0,0,0,0,0,0
lobby có những phiên nào trên màn hình hiện tại,0,0,0,0,0,1,0,0,0,0,0
vì sao countdown nhảy thêm thời gian tôi hơi chưa rõ,0,0,0,0,0,0,0,0,0,1,0
abc xyz không hiểu với ạ,0,0,0,0,0,0,0,0,0,0,1
thời tiết ngày mai sao tôi hơi chưa rõ,0,0,0,0,0,0,0,0,0,0,1
auction còn bao lâu nói ngắn gọn thôi ạ,0,0,0,0,0,0,0,0,1,0,0
cho hỏi bid bị từ chối thì kiểm tra gì nhh,0,0,0,0,0,0,1,0,0,0,0
phiên gần hết giờ chưa,0,0,0,0,0,0,0,0,1,0,0
số dư dùng để làm gì nói ngắn gọn thôi,0,0,0,0,1,0,0,0,0,0,0
help cho toi hoi mot chut giup toi nha,1,0,0,0,0,0,0,0,0,0,0
phần này đã rõ khi tôi đang dùng app,0,1,0,0,0,0,0,0,0,0,0
hiểu rồi đồng thời bấm nút nào để gửi giá,0,1,0,0,0,0,1,0,0,0,0
thời gian đấu giá còn bao nhiêu,0,0,0,0,0,0,0,0,1,0,0
ok cho người mới,0,1,0,0,0,0,0,0,0,0,0
cho toi hoi mot chut cho nguoi moi đc ko,1,0,0,0,0,0,0,0,0,0,0
chào bạn và hướng dẫn bidder tham gia phiên,1,0,0,0,0,0,1,0,0,0,0
đã hiểu kèm theo tôi muốn đấu giá sản phẩm,0,1,0,0,0,0,1,0,0,0,0
tìm hpiên bán latop với ạ,0,0,0,0,0,1,0,0,0,0,0
mình hỏi ngu tí ban lam tot lam trong he thong ???,0,0,1,0,0,0,0,0,0,0,0
đặt giá phút cuối có gia hạn không với ạ,0,0,0,0,0,0,0,0,0,1,0
xin chào và tôi cần người xử lý,1,0,0,1,0,0,0,0,0,0,0
số tiền còn lại trong ví là gì nói ngắn gọn thôi,0,0,0,0,1,0,0,0,0,0,0
tạm ổn cho người mới,0,1,0,0,0,0,0,0,0,0,0
gia han tu dong khi nao xay ra giup toi,0,0,0,0,0,0,0,0,0,1,0
có ai hỗ trợ không cho người mới,1,0,0,0,0,0,0,0,0,0,0
sniping trong đấu giá nghĩa là gì với ạ,0,0,0,0,0,0,0,0,0,1,0
hỗ trợ nhanh thật đồng thời auto extend trong đấu giá là gì,0,0,1,0,0,0,0,0,0,1,0
tìm phiên theo tên sản phẩm cho người mới,0,0,0,0,0,1,0,0,0,0,0
hướng dẫn đăng sản phẩm đấu giá rồi hướng dẫn xem countdown,0,0,0,0,0,0,0,1,1,0,0
ad ơi ket noi addmin giup oi trong he thong thanks,0,0,0,1,0,0,0,0,0,0,0
hey assistant khi tôi đang dùng app,1,0,0,0,0,0,0,0,0,0,0
place bid như thế nào nói ngắn gọn thôi,0,0,0,0,0,0,1,0,0,0,0
xem thời gian còn lại giúp tôi,0,0,0,0,0,0,0,0,1,0,0
heelp số dư có phiả tiền khả dụng không giúp tôi ạ,0,0,0,0,1,0,0,0,0,0,0
ý nghĩa của số dư trong đấu giá nhé,0,0,0,0,1,0,0,0,0,0,0
cần nhập gì khi đặt giá nhé,0,0,0,0,0,0,1,0,0,0,0
hướng dẫn tôi bid trên màn hình hiện tại,0,0,0,0,0,0,1,0,0,0,0
alo chatbot với ạ,1,0,0,0,0,0,0,0,0,0,0
liên hệ người phụ trách giúp tôi khi tôi đang dùng app,0,0,0,1,0,0,0,0,0,0,0
kiem tra gio ket thuc phien nhe nha,0,0,0,0,0,0,0,0,1,0,0
ad ơi sniping trong đấu giá nghĩa là gì khi tôi đang dùng app plz,0,0,0,0,0,0,0,0,0,1,0
ban dang online khong va so du dung de lam gi,1,0,0,0,1,0,0,0,0,0,0
thời gian đấu giá còn bao nhiêu trên màn hình hiện tại,0,0,0,0,0,0,0,0,1,0,0
lam sao tao phien da gia tren man hinh ihen tai,0,0,0,0,0,0,0,1,0,0,0
mở bản đồ giúp tôi,0,0,0,0,0,0,0,0,0,0,1
này huong dan tim phong dau gia voi a gấp,0,0,0,0,0,1,0,0,0,0,0
ê tôi mới vào hệ thống tôi hơi chưa rõ,1,0,0,0,0,0,0,0,0,0,0
này tai sao can co sos du cho nguoi moi,0,0,0,0,1,0,0,0,0,0,0
gia hop le la gi khi bid dong thoi xem dong ho dem nguoc o dau,0,0,0,0,0,0,1,0,1,0,0
tôi mới vào hệ thống rồi ý nghĩa của số dư trong đấu giá,1,0,0,0,1,0,0,0,0,0,0
help de toi thu tong he thnog ạ,0,1,0,0,0,0,0,0,0,0,0
bạn thích màu gì,0,0,0,0,0,0,0,0,0,0,1
khi nào số dư bị trừ cho người mới,0,0,0,0,1,0,0,0,0,0,0
chào hệ thống,1,0,0,0,0,0,0,0,0,0,0
vì sao thời gian đấu giá tăng thêm khi tôi đang dùng app,0,0,0,0,0,0,0,0,0,1,0
tìm phien đấu giá rồi thời gian đấu giá còn bao nhiêu,0,0,0,0,0,1,0,0,1,0,0
hỗ trợ nhanh thật đồng thời bid bị từ chối thì kiểm tra gì,0,0,1,0,0,0,1,0,0,0,0
huong dan tim phong dau gia noi ngan gon thoi,0,0,0,0,0,1,0,0,0,0,0
chatbot chưa giải quyết được xong rồi place bid như thế nào,0,0,0,1,0,0,1,0,0,0,0
xin chào rồi muốn giữ giá cao nhất thì làm sao,1,0,0,0,0,0,1,0,0,0,0
hướng dẫn về chống đặt giá phút cuối giúp tôi,0,0,0,0,0,0,0,0,0,1,0
bấm nút nào để gửi giá tôi hơi chưa rõ,0,0,0,0,0,0,1,0,0,0,0
cho hỏi sniping trong dau gia nghia la gi nhe huhu,0,0,0,0,0,0,0,0,0,1,0
pls làm sao kiểm tra phiên đang hoạt động kèm theo khi nào phiên kết thúc,0,0,0,0,0,1,0,0,1,0,0
trợ lý hữu ích quá cho người mới,0,0,1,0,0,0,0,0,0,0,0
auto extend trong đấu giá là gì tôi hơi chưa rõ,0,0,0,0,0,0,0,0,0,1,0
tìm phiên bán laptop khi tôi đang dùng app,0,0,0,0,0,1,0,0,0,0,0
mình chào bạn giúp tôi,1,0,0,0,0,0,0,0,0,0,0
xnni chao voi a,1,0,0,0,0,0,0,0,0,0,0
chào buổi sáng trên màn hình hiện tại,1,0,0,0,0,0,0,0,0,0,0
giá hợp lệ là gì khi bid cho nngưi mới,0,0,0,0,0,0,1,0,0,0,0
câu trả lời đủ rồi,0,1,0,0,0,0,0,0,0,0,0
trợ lý hữu ích quá khi tôi đang dùng app,0,0,1,0,0,0,0,0,0,0,0
làm sao biết đặt giá thành công nhé,0,0,0,0,0,0,1,0,0,0,0
số dư là gì,0,0,0,0,1,0,0,0,0,0,0
hd tìm phòng đấu giá khi tôi đang dùng app,0,0,0,0,0,1,0,0,0,0,0
phản hồi rất ổn nói ngắn gọn thôi,0,0,1,0,0,0,0,0,0,0,0
de toi thu trong he thong ...,0,1,0,0,0,0,0,0,0,0,0
cách tham gia đặt giá trên màn hình hiện tại,0,0,0,0,0,0,1,0,0,0,0
xin chao đc ko,1,0,0,0,0,0,0,0,0,0,0
dịch câu này sang tiếng Anh,0,0,0,0,0,0,0,0,0,0,1
gui phien de admin duyet noi ngan gon thoi ...,0,0,0,0,0,0,0,1,0,0,0
hướng dẫn bidder tham gia phiên và kiểm tra time left,0,0,0,0,0,0,1,0,1,0,0
giải thích dễ hiểu khi tôi đang dùng app,0,0,1,0,0,0,0,0,0,0,0
de toi thu tren man hin hiien tai,0,1,0,0,0,0,0,0,0,0,0
seller muốn đăng sp với ạ,0,0,0,0,0,0,0,1,0,0,0
de toi thu tren man hinh hien tai,0,1,0,0,0,0,0,0,0,0,0
luật chống đặt giá phút cuối nói ngắn gọn thôi,0,0,0,0,0,0,0,0,0,1,0
vì sao thời gian đấu giá tăng thêm nhé,0,0,0,0,0,0,0,0,0,1,0
hey assistant kèm theo hướng dẫn tìm phiên đang mở,1,0,0,0,0,1,0,0,0,0,0
khi nào phiên kết thúc giúp tôi,0,0,0,0,0,0,0,0,1,0,0
luật chống đặt giá phút cuối với ạ,0,0,0,0,0,0,0,0,0,1,0
cho hỏi toi can tang gia hien tai tren man hinh hien tai,0,0,0,0,0,0,1,0,0,0,0
tôi muốn gặp tư vấn viên cho người mới,0,0,0,1,0,0,0,0,0,0,0
bạn trả lời tốt sau đó kết nối admin giúp tôi,0,0,1,1,0,0,0,0,0,0,0
help kết nối admin giúp tôi trong hệ thống ...,0,0,0,1,0,0,0,0,0,0,0
thiết lập bước giá như thế nào khi tôi đang dùng app,0,0,0,0,0,0,0,1,0,0,0
seller lobby tạo phiên ở đâu trong hệ thống,0,0,0,0,0,0,0,1,0,0,0
giải thích số dư tài khoản trên màn hình hiện tại,0,0,0,0,1,0,0,0,0,0,0
chuyển tôi đến tư vấn viên trong hệ thống,0,0,0,1,0,0,0,0,0,0,0
rõ rồi rồi làm sao tạo phiên đấu giá,0,1,0,0,0,0,0,1,0,0,0
bạn đang online không kèm theo hướng dẫn tìm phien đang mở,1,0,0,0,0,1,0,0,0,0,0
hi trợ lý cho người mới,1,0,0,0,0,0,0,0,0,0,0
tôi hài lòng trên màn hình hiện tại,0,0,1,0,0,0,0,0,0,0,0
gặp bộ phận chăm sóc khách hàng khi tôi đang dùng app,0,0,0,1,0,0,0,0,0,0,0
tôi cần người xử lý nhé,0,0,0,1,0,0,0,0,0,0,0
caau tra loi rat de hieu sau do chatbot chua giai quyet duo,0,0,1,1,0,0,0,0,0,0,0
chào buổi sáng rồi admin có thể hỗ trợ không,1,0,0,1,0,0,0,0,0,0,0
hỗ trợ nhanh thật nói ngắn gọn thôi,0,0,1,0,0,0,0,0,0,0,0
số dư dùng để làm gì cho người mới,0,0,0,0,1,0,0,0,0,0,0
auction còn bao lâu cho người mới,0,0,0,0,0,0,0,0,1,0,0
chatbot chưa giải quyết được và cần nhập gìì khi đặ giá,0,0,0,1,0,0,1,0,0,0,0
sao tự nhiên cộng thêm giờ,0,0,0,0,0,0,0,0,0,1,0
bid bị từ chối thì kiểm tra gì,0,0,0,0,0,0,1,0,0,0,0
xem thời gian còn lại nói ngắn gọn thôi,0,0,0,0,0,0,0,0,1,0,0
này giai thich de hieu toi hoi chua ro,0,0,1,0,0,0,0,0,0,0,0
số tiền còn lại trong ví là gì xong rồi tìm phien bán laptop,0,0,0,0,1,1,0,0,0,0,0
create auction room thế nào trên màn hình hiện tại,0,0,0,0,0,0,0,1,0,0,0
bạn đang online không cho người mới,1,0,0,0,0,0,0,0,0,0,0
giải thích chống sniping trong hệ thống,0,0,0,0,0,0,0,0,0,1,0
ổn rồi đồng thời giá hợp lệ là gì khi bid,0,1,0,0,0,0,1,0,0,0,0
khi nao phien ket thuc trong he thong,0,0,0,0,0,0,0,0,1,0,0
gửi phiên để admin duyệt trên màn hình hiện tại,0,0,0,0,0,0,0,1,0,0,0
luật chống đặt giá phút cuối khi tôi đang dùng app,0,0,0,0,0,0,0,0,0,1,0
chào hệ thống và gặp bộ phận chăm sóc khách hàng,1,0,0,1,0,0,0,0,0,0,0
hướng dẫn bidder tham gia phiên giúp tôi,0,0,0,0,0,0,1,0,0,0,0
được rồi nhé,0,1,0,0,0,0,0,0,0,0,0
mình hỏi ngu tí xem thời hạn phiên đấu giá trên màn hình hiện tại,0,0,0,0,0,0,0,0,1,0,0
lobby có những phiên nào trong hệ thống,0,0,0,0,0,1,0,0,0,0,0
ok giúp tôi,0,1,0,0,0,0,0,0,0,0,0
lọc sản phẩm đang đấu giá nhé,0,0,0,0,0,1,0,0,0,0,0
tại sao cần có số dư khi tôi đang dùng app,0,0,0,0,1,0,0,0,0,0,0
hơi gấp vi sao countdown nhay them thoi gian giup toi,0,0,0,0,0,0,0,0,0,1,0
kiểm tra giờ kết thúc phien tôi hơi chưa rõ,0,0,0,0,0,0,0,0,1,0,0
pls so du co phai tien kha dung khong trong he thong,0,0,0,0,1,0,0,0,0,0,0
ban tra loi tot nhe gấp,0,0,1,0,0,0,0,0,0,0,0
bắt đầu tư vấn giúp tôi trong hệ thống,1,0,0,0,0,0,0,0,0,0,0
làm sao biết đặt giá thành công nói ngắn gọn thôi,0,0,0,0,0,0,1,0,0,0,0
hướng dẫn tìm phiên đang mở với ạ,0,0,0,0,0,1,0,0,0,0,0
mình hỏi ngu tí can ho tro truc tiep huhu,0,0,0,1,0,0,0,0,0,0,0
không rõ lắm ok thanks,0,1,0,0,0,0,0,0,0,0,0
tại sao cần có số dư trong hệ thống,0,0,0,0,1,0,0,0,0,0,0
trải nghiệm khá tốt tôi hơi chưa rõ,0,0,1,0,0,0,0,0,0,0,0
xem phien sắp kết thúc nói ngắn gọn thôi,0,0,0,0,0,1,0,0,0,0,0
liên hệ người phụ trách giúp tôi kèm theo cần thông tin gì để tạo phiên,0,0,0,1,0,0,0,1,0,0,0
thời tiết ngày mai sao cho người mới,0,0,0,0,0,0,0,0,0,0,1
chào bạn kèm theo tôi cần tăng giá hiện tại,1,0,0,0,0,0,1,0,0,0,0
làm sao biết dat gia thành công cho người mới,0,0,0,0,0,0,1,0,0,0,0
gia hạn tự động khi nào xảy ra cho người mới,0,0,0,0,0,0,0,0,0,1,0
bắt đầu tư vấn giúp tôi giúp tôi,1,0,0,0,0,0,0,0,0,0,0
auto extend trong đấu giá là gì trên màn hình hiện tại,0,0,0,0,0,0,0,0,0,1,0
cần hỗ trợ trực tiếp và hướng dẫn đăng sản phẩm đấu giá,0,0,0,1,0,0,0,1,0,0,0
help huong dan xem coutndown khi tooi dang dung app,0,0,0,0,0,0,0,0,1,0,0
hôm nay trời đẹp trên màn hình hiện tại ạ,0,0,0,0,0,0,0,0,0,0,1
vậy là được đồng thời cách mở phòng đấu giá mới,0,1,0,0,0,0,0,1,0,0,0
tìm phiên theo tên sản phẩm nhé,0,0,0,0,0,1,0,0,0,0,0
cơ chế gia hạn phiên cuối giờ nói ngắn gọn thôi,0,0,0,0,0,0,0,0,0,1,0
cách mở phòng đấu giá mới trên màn hình hiện tại,0,0,0,0,0,0,0,1,0,0,0
tạm ổn sau đó hướng dẫn bidder tham gia phiên,0,1,0,0,0,0,1,0,0,0,0
tìm phiên bán laptop tôi hơi chưa rõ,0,0,0,0,0,1,0,0,0,0,0
hướng dẫn tìm phiên đang mở nói ngắn gọn thôi,0,0,0,0,0,1,0,0,0,0,0
xem phiên sắp kết thúc sau đó hướng dẫn tôi bid,0,0,0,0,0,1,1,0,0,0,0
create auction room the nao tren man hinh hien tai thanks,0,0,0,0,0,0,0,1,0,0,0
tim phien dau gia noi ngan gon thoi,0,0,0,0,0,1,0,0,0,0,0
gửi phiên để ad duyệt nhé,0,0,0,0,0,0,0,1,0,0,0
ad ơi trợ lý hữu ích quá rồi anti sniping hoạt động thế nào,0,0,1,0,0,0,0,0,0,1,0
chao buoi sang xong roi can nhap gi khi dat gia,1,0,0,0,0,0,1,0,0,0,0
cách tham gia đặt giá đồng thời còn mấy phút nữa kết thúc,0,0,0,0,0,0,1,0,1,0,0
dịch câu này sang tiếng Anh với ạ,0,0,0,0,0,0,0,0,0,0,1
mình hỏi ngu tí cho toi so dien thoai ho tro,0,0,0,1,0,0,0,0,0,0,0
mình hỏi ngu tí không cần giải thích thêm nói ngắn gọn thôi,0,1,0,0,0,0,0,0,0,0,0
bid bị từ chối thì kiểm tra gì xong rồi đếm ngược nằm ở chỗ nào,0,0,0,0,0,0,1,0,1,0,0
số tiền còn lại trong ví là gì giúp tôi,0,0,0,0,1,0,0,0,0,0,0
đã hiểu và hướng dẫn đăng sản phẩm đấu giá,0,1,0,0,0,0,0,1,0,0,0
xin chào trong hệ thống,1,0,0,0,0,0,0,0,0,0,0
xem phien sap ket thuc giup toi ???,0,0,0,0,0,1,0,0,0,0,0
chuyển tôi đến tư vấn viên cho người mới,0,0,0,1,0,0,0,0,0,0,0
bam nut nao de gui gia noi ngan gon thoi plz,0,0,0,0,0,0,1,0,0,0,0
giải thích dễ hiểu,0,0,1,0,0,0,0,0,0,0,0
làm sao tạo phiên đấu giá xong rồi phiên này còn bao lâu,0,0,0,0,0,0,0,1,1,0,0
cần thông tin gì để tạo phiên tôi hơi chưa rõ,0,0,0,0,0,0,0,1,0,0,0
cho tôi biết khái niệm số dư nói ngắn gọn thôi,0,0,0,0,1,0,0,0,0,0,0
y nghia cua so du trong dau gia khi toi dang dung app,0,0,0,0,1,0,0,0,0,0,0
gửi phiên để admin duyệt giúp tôi,0,0,0,0,0,0,0,1,0,0,0
xin chào xong rồi hướng dẫn bidder tham gia phiên,1,0,0,0,0,0,1,0,0,0,0
phần này đã rõ sau đó thiết lập bước giá như thế nào,0,1,0,0,0,0,0,1,0,0,0
help chào hệ thống xong rồi số dư trong hệ thống được hiểu như thế nào,1,0,0,0,1,0,0,0,0,0,0
giải thích số dư tài khoản giúp tôi,0,0,0,0,1,0,0,0,0,0,0
tôi hài lòng kèm theo vì sao countdown nhảy thêm thời gian,0,0,1,0,0,0,0,0,0,1,0
tính giúp tôi căn bậc hai khi tôi đang dùng app,0,0,0,0,0,0,0,0,0,0,1
hướng dẫn bidder tham gia phiên trong hệ thống plz,0,0,0,0,0,0,1,0,0,0,0
kiểm tra time left trên màn hình hiện tại,0,0,0,0,0,0,0,0,1,0,0
vậy là được khi tôi đang dùng app,0,1,0,0,0,0,0,0,0,0,0
hướng dẫn tôi bid cho người mới,0,0,0,0,0,0,1,0,0,0,0
số dư dùng để làm gì rồi cách tham gia đặt giá,0,0,0,0,1,0,1,0,0,0,0
cho tôi hỏi một chút xong rồi cách tham gia đặt giá,1,0,0,0,0,0,1,0,0,0,0
lobby có những phiên nào với ạ,0,0,0,0,0,1,0,0,0,0,0
chào hệ thống xong rồi cơ chế chống cướp giá cuối giờ,1,0,0,0,0,0,0,0,0,1,0
pls xem thoi gian con lai voi a với,0,0,0,0,0,0,0,0,1,0,0
create auction room thế nào tôi hơi chưa rõ,0,0,0,0,0,0,0,1,0,0,0
chatbot thông minh khi tôi đang dùng app,0,0,1,0,0,0,0,0,0,0,0
giải thích chống sniping nói ngắn gọn thôi,0,0,0,0,0,0,0,0,0,1,0
thông tin này giúp ích nhiều nói ngắn gọn thôi,0,0,1,0,0,0,0,0,0,0,0
kết nối admin giúp tôi trong hệ thống,0,0,0,1,0,0,0,0,0,0,0
gọi nv ho tro khi tiô đang ddùng app với,0,0,0,1,0,0,0,0,0,0,0
đặt giá như thế nào khi tôi đang dùng app,0,0,0,0,0,0,1,0,0,0,0
chào bạn kèm theo place bid như thế nào,1,0,0,0,0,0,1,0,0,0,0
hướng dẫn tìm phòng đấu giá xong rồi tôi cần tăng giá hiện tại,0,0,0,0,0,1,1,0,0,0,0
tại sao cần có số dư,0,0,0,0,1,0,0,0,0,0,0
anti sniping là gì trên màn hình hiện tại,0,0,0,0,0,0,0,0,0,1,0
ổn rồi cho người mới,0,1,0,0,0,0,0,0,0,0,0
tìm phiên bán laptop cho người mới,0,0,0,0,0,1,0,0,0,0,0
cần mô tả sản phẩm ra sao nói ngắn gọn thôi,0,0,0,0,0,0,0,1,0,0,0
nấu phở như thế nào nói ngắn gọn thôi,0,0,0,0,0,0,0,0,0,0,1
tôi muốn đấu giá sản phẩm,0,0,0,0,0,0,1,0,0,0,0
tìm action romo,0,0,0,0,0,1,0,0,0,0,0
gặp bộ phận chăm sóc khách hàng nói ngắn gọn thôi,0,0,0,1,0,0,0,0,0,0,0
cho hỏi xin chào khi tôi đang dùng app nha,1,0,0,0,0,0,0,0,0,0,0
toi muon gap nguoi that de hoi dat gia,0,0,0,1,0,0,1,0,0,0,0
ad ơi hệ thống hơi khó dùng,0,0,0,1,0,0,0,0,0,0,0
cho tôi số điện thoại hỗ trợ cho người mới,0,0,0,1,0,0,0,0,0,0,0
bid bi tu choi thi kime tra gi cho nguoi mmoi plz,0,0,0,0,0,0,1,0,0,0,0
seller tạo đấu giá như thế nào cho người mới,0,0,0,0,0,0,0,1,0,0,0
tạo phiên cho sản phẩm mới cho người mới,0,0,0,0,0,0,0,1,0,0,0
ho tro nhanh that voi a ...,0,0,1,0,0,0,0,0,0,0,0
dịch vụ hỗ trợ tốt nói ngắn gọn thôi,0,0,1,0,0,0,0,0,0,0,0
cho tôi số điện thoại hỗ trợ giúp tôi,0,0,0,1,0,0,0,0,0,0,0
xem đồng hồ đếm ngược ở đâu với ạ,0,0,0,0,0,0,0,0,1,0,0
dịch câu này sang tiếng Anh với ạ với,0,0,0,0,0,0,0,0,0,0,1
tôi muốn nghe nhạc nói ngắn gọn thôi,0,0,0,0,0,0,0,0,0,0,1
doi mat khau wifi the nao khi toi dang dung app,0,0,0,0,0,0,0,0,0,0,1
phản hồi rất ổn khi tôi đang dùng app,0,0,1,0,0,0,0,0,0,0,0
thông tin này giúp ích nhiều và tôi muốn đấu giá sản phẩm,0,0,1,0,0,0,1,0,0,0,0
thời gian đấu giá còn bao nhiêu với ạ,0,0,0,0,0,0,0,0,1,0,0
admin có thể hỗ trợ không xong rồi muốn giữ giá cao nhất thì làm sao,0,0,0,1,0,0,1,0,0,0,0
làm sao để đặt giá nói ngắn gọn thôi,0,0,0,0,0,0,1,0,0,0,0
tro ly huu ich qua tren man hinh hien tai,0,0,1,0,0,0,0,0,0,0,0
nấu phở như thế nào trên màn hình hiện tại,0,0,0,0,0,0,0,0,0,0,1
mình hỏi ngu tí vi sao tg dgia tang them kem theo khi nao phien ket thuc đc ko,0,0,0,0,0,0,0,0,1,1,0
hướng dẫn bidder tham gia phiên nói ngắn gọn thôi,0,0,0,0,0,0,1,0,0,0,0
ad ơi nhập giá khởi điểm ở đâu xong rồi khi nào phiên kết thúc,0,0,0,0,0,0,0,1,1,0,0
khi nào số dư bị trừ trên màn hình hiện tại,0,0,0,0,1,0,0,0,0,0,0
tôi cần tăng giá hiện tại,0,0,0,0,0,0,1,0,0,0,0
làm sao biết đặt giá thành công cho người mới,0,0,0,0,0,0,1,0,0,0,0
chatbot thông minh nhé,0,0,1,0,0,0,0,0,0,0,0
da hiue kkhi toi dang dung app đc ko,0,1,0,0,0,0,0,0,0,0,0
seller muon dang sp voi a plz,0,0,0,0,0,0,0,1,0,0,0
bạn hướng dẫn rõ ràng khi tôi đang dùng app,0,0,1,0,0,0,0,0,0,0,0
cho tôi số điện thoại hỗ trợ với ạ,0,0,0,1,0,0,0,0,0,0,0
hướng dẫn tạo phiên bán hàng tôi hơi chưa rõ,0,0,0,0,0,0,0,1,0,0,0
cảm ơn bạn nhiều xong rồi chuyển tôi đến tư vấn viên,0,0,1,1,0,0,0,0,0,0,0
thiết lập bước giá như thế nào tôi hơi chưa rõ,0,0,0,0,0,0,0,1,0,0,0
toi can noi chuyen voi nguoi that va muon giu gia cao nhat thi lam sao,0,0,0,1,0,0,1,0,0,0,0
lam sao biet dat ggia tahnh cong toi hoi chua ro,0,0,0,0,0,0,1,0,0,0,0
liên hệ người phụ trách giúp tôi đồng thời muốn giữ giá cao nhất thì làm sao,0,0,0,1,0,0,1,0,0,0,0
hiểu rồi tôi hơi chưa rõ,0,1,0,0,0,0,0,0,0,0,0
ok rồi cần mô tả sản phẩm ra sao,0,1,0,0,0,0,0,1,0,0,0
pls tôi đã rõ tôi hơi chưa rõ nha,0,1,0,0,0,0,0,0,0,0,0
ổn rồi tôi hơi chưa rõ,0,1,0,0,0,0,0,0,0,0,0
hướng dẫn về chống đặt giá phút cuối cho người mới,0,0,0,0,0,0,0,0,0,1,0
hỗ trợ nhanh thật với ạ,0,0,1,0,0,0,0,0,0,0,0
balance trong tài khoản nghĩa là gì,0,0,0,0,1,0,0,0,0,0,0
nuaa pho nhu the nao,0,0,0,0,0,0,0,0,0,0,1
câu trả lời đủ rồi và bid bị từ chối thì kiểm tra gì,0,1,0,0,0,0,1,0,0,0,0
ad ơi đổi mật khẩu wii thế nào khi tiô đang dùng app,0,0,0,0,0,0,0,0,0,0,1
bid sát giờ có kéo dài phiên không nhé,0,0,0,0,0,0,0,0,0,1,0
igai thich de hieu dong thoi place bid nhu thee nao,0,0,1,0,0,0,1,0,0,0,0
gap bo phan cham soc khach hang dong thoi bam nut nao de gui gia plz,0,0,0,1,0,0,1,0,0,0,0
chuyển tôi đến tvv tôi hơi chưa rõ,0,0,0,1,0,0,0,0,0,0,0
không cần giải thích thêm kèm theo cần mô tả sản phẩm ra sao,0,1,0,0,0,0,0,1,0,0,0
hơi gấp bạn đnag online không trênn màn hình hiện tại ...,1,0,0,0,0,0,0,0,0,0,0
này chao buoi sang khi toi dang dung app đc ko,1,0,0,0,0,0,0,0,0,0,0
dịch vụ hỗ trợ tốt và tôi muốn gặp tư vấn viên,0,0,1,1,0,0,0,0,0,0,0
tìm phiên đấu giá tôi hơi chưa rõ,0,0,0,0,0,1,0,0,0,0,0
cách tham gia đặt giá trong hệ thống,0,0,0,0,0,0,1,0,0,0,0
trợ lý hữu ích quá kèm theo cần liên hệ admin,0,0,1,1,0,0,0,0,0,0,0
ờờ chao he htong voi a,1,0,0,0,0,0,0,0,0,0,0
tìm phiên theo tên sp nhé đc ko,0,0,0,0,0,1,0,0,0,0,0
xem phiên sắp kết thúc giúp tôi,0,0,0,0,0,1,0,0,0,0,0
pls tim phien ban laptop voi a,0,0,0,0,0,1,0,0,0,0,0
câu trả lời rất dễ hiểu sau đó cần hỗ trợ trực tiếp,0,0,1,1,0,0,0,0,0,0,0
giải thích số dư tài khoản nhé,0,0,0,0,1,0,0,0,0,0,0
search phiên đấu giá,0,0,0,0,0,1,0,0,0,0,0
tìm phiên bán laptop rồi xem thời hạn phiên đấu giá,0,0,0,0,0,1,0,0,1,0,0
chatbot chưa giải quyết được đồng thời seller lobby tạo phiên ở đâu,0,0,0,1,0,0,0,1,0,0,0
chào buổi chiều đồng thời tìm phiên đấu giá,1,0,0,0,0,1,0,0,0,0,0
dịch vụ hỗ trợ tốt với ạ,0,0,1,0,0,0,0,0,0,0,0
hơi gấp sniping trong dau gia nghia la gi khi toi dang dung app gấp,0,0,0,0,0,0,0,0,0,1,0
ổn rồi với ạ,0,1,0,0,0,0,0,0,0,0,0
chào bạn sau đó làm sao biết đặt giá thành công,1,0,0,0,0,0,1,0,0,0,0
kiểm tra time left nhé,0,0,0,0,0,0,0,0,1,0,0
làm sao để dat gia cho người mới,0,0,0,0,0,0,1,0,0,0,0
phần này đã rõ rồi quy trình dat gia trong phòng,0,1,0,0,0,0,1,0,0,0,0
đếm ngược nằm ở chỗ nào với ạ,0,0,0,0,0,0,0,0,1,0,0
cho tôi hỏi một chút sau đó chatbot chưa giải quyết được,1,0,0,1,0,0,0,0,0,0,0
toi moi vao he thong va vi sao tg dau gia tang them với,1,0,0,0,0,0,0,0,0,1,0
hướng dẫn tìm phòng đấu giá trên màn hình hiện tại,0,0,0,0,0,1,0,0,0,0,0
cảm ơn bạn nhiều khi tôi đang dùng app,0,0,1,0,0,0,0,0,0,0,0
help lam sao biet phien sap het gio nhe huhu,0,0,0,0,0,0,0,0,1,0,0
ổn rồi trong hệ thống,0,1,0,0,0,0,0,0,0,0,0
tam on kem theo quy trinh dat gia trong phong plz,0,1,0,0,0,0,1,0,0,0,0
mở bản đồ giúp tôi giúp tôi,0,0,0,0,0,0,0,0,0,0,1
gửi phiên để admin duyệt xong rồi bid sát giờ có kéo dài phiên không,0,0,0,0,0,0,0,1,0,1,0
tôi mới vào hệ thống tôi hơi chưa rõ,1,0,0,0,0,0,0,0,0,0,0
xem đồng hồ đếm ngược ở đâu trên màn hình hiện tại,0,0,0,0,0,0,0,0,1,0,0
còn mấy phút nữa kết thúc với ạ,0,0,0,0,0,0,0,0,1,0,0
tôi đã rõ nhé,0,1,0,0,0,0,0,0,0,0,0
bid sát giờ có kéo dài phiên không khi tôi đang dùng app,0,0,0,0,0,0,0,0,0,1,0
help tôi ầcn người xử lý xoong rồi bấm nút nào để gửi giá,0,0,0,1,0,0,1,0,0,0,0
bid bị từ chối thì kiểm tra gì cho người mới,0,0,0,0,0,0,1,0,0,0,0
bắt đầu tư vấn giúp tôi với ạ,1,0,0,0,0,0,0,0,0,0,0
bid bị từ chối thì kiểm tra gì khi tôi đang dùng app,0,0,0,0,0,0,1,0,0,0,0
tại sao cần có số dư kèm theo tôi muốn tìm sản phẩm đang đấu giá,0,0,0,0,1,1,0,0,0,0,0
không rõ lắm toi moi vao he thong sau do vi sao phai kiem tra so du nha,1,0,0,0,1,0,0,0,0,0,0
câu trả lời rất dễ hiểu giúp tôi,0,0,1,0,0,0,0,0,0,0,0
ad ơi giai thich so du tai khoan va cach tham gia dat gia,0,0,0,0,1,0,1,0,0,0,0
hi trợ lý,1,0,0,0,0,0,0,0,0,0,0
create auction room thế nào nói ngắn gọn thôi,0,0,0,0,0,0,0,1,0,0,0
đã hiểu,0,1,0,0,0,0,0,0,0,0,0
hi trợ lý trên màn hình hiện tại,1,0,0,0,0,0,0,0,0,0,0
tôi hài lòng trong hệ thống,0,0,1,0,0,0,0,0,0,0,0
hôm nay trời đẹp trong hệ thống,0,0,0,0,0,0,0,0,0,0,1
đặt giá như thế nào trong hệ thống,0,0,0,0,0,0,1,0,0,0,0
nhập giá khởi điểm ở đâu khi tôi đang dùng app,0,0,0,0,0,0,0,1,0,0,0
sniping trong đấu giá nghĩa là gì,0,0,0,0,0,0,0,0,0,1,0
còn mấy phút nữa ket thuc nói ngắn gọn thôi,0,0,0,0,0,0,0,0,1,0,0
pls phien gan het gio chua tren man hinh hien tai plz,0,0,0,0,0,0,0,0,1,0,0
anti sniping là gì trong hệ thống,0,0,0,0,0,0,0,0,0,1,0
làm sao gửi yêu cầu tạo phiên đồng thời làm sao biết phiên sắp hết giờ,0,0,0,0,0,0,0,1,1,0,0
cho tôi hỏi một chút nhé,1,0,0,0,0,0,0,0,0,0,0
bạn làm tốt lắm trong hệ thống,0,0,1,0,0,0,0,0,0,0,0
tôi muốn gọi tổng đài tôi hơi chưa rõ,0,0,0,1,0,0,0,0,0,0,0
cần liên hệ admin,0,0,0,1,0,0,0,0,0,0,0
vì sao phải kiểm tra số dư,0,0,0,0,1,0,0,0,0,0,0
seller lobby tao phien o dau cho nguoi moi,0,0,0,0,0,0,0,1,0,0,0
cho toi hoi mot chut hne thhanks,1,0,0,0,0,0,0,0,0,0,0
phien nào còn chạy vậy,0,0,0,0,0,1,0,0,0,0,0
cho hiỏ vay la duoc cho ngoi moi,0,1,0,0,0,0,0,0,0,0,0
làm sao kiểm tra phiên đang hoạt động nói ngắn gọn thôi,0,0,0,0,0,1,0,0,0,0,0
chào buổi chiều đồng thời admin có thể hỗ trợ không,1,0,0,1,0,0,0,0,0,0,0
lọc sản phẩm đang dgia trong hệ thống,0,0,0,0,0,1,0,0,0,0,0
abc xyz không hiểu nói ngắn gọn thôi,0,0,0,0,0,0,0,0,0,0,1
dong y trong he thong đc ko,0,1,0,0,0,0,0,0,0,0,0
thiết lập bước giá như thế nào trên màn hình hiện tại,0,0,0,0,0,0,0,1,0,0,0
ờ gui phien de admin duyet,0,0,0,0,0,0,0,1,0,0,0
bạn trả lời tốt nói ngắn gọn thôi,0,0,1,0,0,0,0,0,0,0,0
auto extend trong dgia là gì trên màn hình hiện tại,0,0,0,0,0,0,0,0,0,1,0
seller tao dau gia nhu the nao va phien gan het gio chua,0,0,0,0,0,0,0,1,1,0,0
tôi ghi nhận với ạ,0,1,0,0,0,0,0,0,0,0,0
cách lọc phiên đấu giá theo danh mục nhé,0,0,0,0,0,1,0,0,0,0,0
tôi mới vào hệ thống nói ngắn gọn thôi,1,0,0,0,0,0,0,0,0,0,0
tôi muốn đấu giá sản phẩm với ạ,0,0,0,0,0,0,1,0,0,0,0
cần hỗ trợ trực tiếp khi tôi đang dùng app,0,0,0,1,0,0,0,0,0,0,0
hello noi ngan gon thoi đc ko,1,0,0,0,0,0,0,0,0,0,0
cần hỗ trợ trực tiếp giúp tôi thanks,0,0,0,1,0,0,0,0,0,0,0
balance trong tài khoản nghĩa là gì giúp tôi,0,0,0,0,1,0,0,0,0,0,0
tmi phieen ban laptop giup toi plz,0,0,0,0,0,1,0,0,0,0,0
cơ chế gia hạn phien cuối giờ nhé,0,0,0,0,0,0,0,0,0,1,0
còn mấy phút nữa vậy,0,0,0,0,0,0,0,0,1,0,0
ok trong hệ thống,0,1,0,0,0,0,0,0,0,0,0
không õ lắm được rồi trên màn hhình hiện tại với,0,1,0,0,0,0,0,0,0,0,0
phần này đã rõ cho người mới,0,1,0,0,0,0,0,0,0,0,0
ê hiểu rồi sau đó làm sa ạto phiên đấu giá,0,1,0,0,0,0,0,1,0,0,0
muốn vào trả giá thì bấm đâu,0,0,0,0,0,0,1,0,0,0,0
trợ lý hữu ích quá xong rồi anti sniping là gì,0,0,1,0,0,0,0,0,0,1,0
đặt giá phút cuối có gia hạn không trong hệ thống,0,0,0,0,0,0,0,0,0,1,0
luật chống đặt giá phút cuối tôi hơi chưa rõ,0,0,0,0,0,0,0,0,0,1,0
bạn đang nline không nóói ngắn gọn thôi ...,1,0,0,0,0,0,0,0,0,0,0
cơ chế chống cướp giá cuối giờ khi tôi đang dùng app,0,0,0,0,0,0,0,0,0,1,0
hơi gấp minh chao ban voi a,1,0,0,0,0,0,0,0,0,0,0
số dư có phải tiền khả dụng không trên màn hình hiện tại,0,0,0,0,1,0,0,0,0,0,0
ờ đã hiểu tôi hơi chưa rõ đc ko,0,1,0,0,0,0,0,0,0,0,0
số tiền còn lại trong ví là gì trên màn hình hiện tại,0,0,0,0,1,0,0,0,0,0,0
cần nhập gì khi đặt giá với ạ,0,0,0,0,0,0,1,0,0,0,0
không rõ lắm số tiền còn lại trong ví là gì đc ko,0,0,0,0,1,0,0,0,0,0,0
tim phien dau gia ạ,0,0,0,0,0,1,0,0,0,0,0
nyà tôi muốn gặp tvvv giúp tôi,0,0,0,1,0,0,0,0,0,0,0
tôi muốn đấu giá sản phẩm rồi xem deadline của phiên,0,0,0,0,0,0,1,0,1,0,0
alo chatbot và vì sao countdown nhảy thêm thời gian,1,0,0,0,0,0,0,0,0,1,0
thong tin nay giup ich nhieu cho nguoi moi với,0,0,1,0,0,0,0,0,0,0,0
mình chào bạn với ạ,1,0,0,0,0,0,0,0,0,0,0
số dư có vai trò gì khi thắng phiên,0,0,0,0,1,0,0,0,0,0,0
gặp bộ phận chăm sóc khách hàng trên màn hình hiện tại,0,0,0,1,0,0,0,0,0,0,0
số dư có vai trò gì khi thắng phiên nhé,0,0,0,0,1,0,0,0,0,0,0
tôi đã rõ khi tôi đang dùng app,0,1,0,0,0,0,0,0,0,0,0
thông tin này giúp ích nhiều trên màn hình hiện tại,0,0,1,0,0,0,0,0,0,0,0
xem deadline của phiên tôi hơi chưa rõ,0,0,0,0,0,0,0,0,1,0,0
câu trả lời đúng ý tôi kèm theo cơ chế chống cướp giá cuối giờ,0,0,1,0,0,0,0,0,0,1,0
khi nao s du bi tru va gia hop le la gi khii bid,0,0,0,0,1,0,1,0,0,0,0
place bid như thế nào trên màn hình hiện tại,0,0,0,0,0,0,1,0,0,0,0
chuyển tôi đến tư vấn viên xong rồi cách tham gia đặt giá,0,0,0,1,0,0,1,0,0,0,0
số dư là gì và quy trình đặt giá trong phòng,0,0,0,0,1,0,1,0,0,0,0
muon giu gia cao nhat thi lam sao tren man hinh hien tai ạ,0,0,0,0,0,0,1,0,0,0,0
cho hỏi sniping trong đấu ggiá ngĩha là gì khi tôi đang dùng app ạ,0,0,0,0,0,0,0,0,0,1,0
gia hạn tự động khi nào xảy ra đồng thời kiểm tra giờ kết thúc phiên,0,0,0,0,0,0,0,0,1,1,0
cho tôi số điện thoại hỗ trợ nói ngắn gọn thôi,0,0,0,1,0,0,0,0,0,0,0
kiểm tra time left trong hệ thống,0,0,0,0,0,0,0,0,1,0,0
pls liên hệ người phụ trách giúp tôi trên màn hình hiện tại,0,0,0,1,0,0,0,0,0,0,0
làm sao kiểm tra phiên đang hoạt động khi tôi đang dùng app,0,0,0,0,0,1,0,0,0,0,0
seller muốn đăng sản phẩm giúp tôi,0,0,0,0,0,0,0,1,0,0,0
chào buổi sáng sau đó giải thích chống sniping ...,1,0,0,0,0,0,0,0,0,1,0
vì sao countdown nhảy têm ttg,0,0,0,0,0,0,0,0,0,1,0
pls cna ho ttro truc tiep cho nguoi moi plz,0,0,0,1,0,0,0,0,0,0,0
tôi cần tăng giá hiện tại trên màn hình hiện tại,0,0,0,0,0,0,1,0,0,0,0
luật chống đặt giá phút cuối trên màn hình hiện tại,0,0,0,0,0,0,0,0,0,1,0
kiểm tra giờ kết thúc phiên trong hệ thống,0,0,0,0,0,0,0,0,1,0,0
cần liên hệ admin khi tôi đang dùng app,0,0,0,1,0,0,0,0,0,0,0
đã hiểu giúp tôi,0,1,0,0,0,0,0,0,0,0,0
tôi hài lòng với ạ,0,0,1,0,0,0,0,0,0,0,0
tạo phiên cho sản phẩm mới,0,0,0,0,0,0,0,1,0,0,0
hướng dẫn đăng sản phẩm đấu giá và vì sao countdown nhảy thêm thời gian,0,0,0,0,0,0,0,1,0,1,0
ê tim auttion room giup toi,0,0,0,0,0,1,0,0,0,0,0
tôi đã rõ tôi hơi chưa rõ,0,1,0,0,0,0,0,0,0,0,0
cho tôi số điện thoại hỗ trợ rồi hướng dẫn bidder tham gia phiên,0,0,0,1,0,0,1,0,0,0,0
mình hỏi ngu tí so du trong he thong duoc hieu nhu the nao sau do bam nut nao de gui gia,0,0,0,0,1,0,1,0,0,0,0
cho tôi hỏi một chút nói ngắn gọn thôi,1,0,0,0,0,0,0,0,0,0,0
cho tôi hỏi một chút cho người mới,1,0,0,0,0,0,0,0,0,0,0
seller tạo đấu giá như thế nào,0,0,0,0,0,0,0,1,0,0,0
không rõ lắm làm sao kiểm tra phiên đang hoạt động nhé huhu,0,0,0,0,0,1,0,0,0,0,0
tại sao cần có số dư xong rồi cần nhập gì khi đặt giá,0,0,0,0,1,0,1,0,0,0,0
ket noi admin giup toi dong thoi bid bi tu choi thi kiem tra gi ...,0,0,0,1,0,0,1,0,0,0,0
giá hợp lệ là gì khi bid nói ngắn gọn thôi,0,0,0,0,0,0,1,0,0,0,0
đặt báo thức lúc 7 giờ trên màn hình hiện tại với,0,0,0,0,0,0,0,0,0,0,1
hơi gấp thiet lap buoc gia nhu the nao nhe gấp,0,0,0,0,0,0,0,1,0,0,0
seller tao dau gia nhu the naao trong eh thong,0,0,0,0,0,0,0,1,0,0,0
ờ ro roi sau do tao phien cho san pham moi ???,0,1,0,0,0,0,0,1,0,0,0
sniping trong dgia nghĩa là gì sau đó auction còn bao lâu,0,0,0,0,0,0,0,0,1,1,0
huong dan oti bi noi ngan gon thoi,0,0,0,0,0,0,1,0,0,0,0
làm sao tạo phiên đấu giá trong hệ thống,0,0,0,0,0,0,0,1,0,0,0
ờ hi rtro ly voi a đc ko,1,0,0,0,0,0,0,0,0,0,0
lobby có những phiên nào,0,0,0,0,0,1,0,0,0,0,0
phiên gần hết giờ chưa khi tôi đang dùng app,0,0,0,0,0,0,0,0,1,0,0
làm sao biết phiên sắp hết giờ trên màn hình hiện tại,0,0,0,0,0,0,0,0,1,0,0
cách lọc phiên đấu giá theo danh mục sau đó xem thời hạn phiên đấu giá,0,0,0,0,0,1,0,0,1,0,0
auto extend trong đấu giá là gì trong hệ thống,0,0,0,0,0,0,0,0,0,1,0
hướng dẫn tôi bid tôi hơi chưa rõ,0,0,0,0,0,0,1,0,0,0,0
auto extend trong dua gia laa gi cho nguoi moi ...,0,0,0,0,0,0,0,0,0,1,0
phản hồi rất ổn giúp tôi,0,0,1,0,0,0,0,0,0,0,0
chào hệ thống nói ngắn gọn thôi,1,0,0,0,0,0,0,0,0,0,0
hey assistant cho người mới,1,0,0,0,0,0,0,0,0,0,0
mình hỏi ngu tí tôi cần nói chuyện với người thật với ạ thanks,0,0,0,1,0,0,0,0,0,0,0
đổi mật khẩu wifi thế nào nói ngắn gọn thôi,0,0,0,0,0,0,0,0,0,0,1
cho tôi biết khái niệm số dư với ạ,0,0,0,0,1,0,0,0,0,0,0
hôm nay trời đẹp khi tôi đang dùng app,0,0,0,0,0,0,0,0,0,0,1
hi trợ lý nói ngắn gọn thôi,1,0,0,0,0,0,0,0,0,0,0
không rõ lắm nấu phở như thế nào tôi hiơ chưa rõõ,0,0,0,0,0,0,0,0,0,0,1
quy trình đặt giá trong phòng giúp tôi,0,0,0,0,0,0,1,0,0,0,0
này toi can nguoi xu ly cho nguoi moi ạ,0,0,0,1,0,0,0,0,0,0,0
chào buổi sáng đồng thời làm sao xem danh sách đấu giá,1,0,0,0,0,1,0,0,0,0,0
dịch câu này sang tiếng Anh khi tôi đang dùng app,0,0,0,0,0,0,0,0,0,0,1
không cần giải thích thêm giúp tôi,0,1,0,0,0,0,0,0,0,0,0
hd tìm phiên đang mở xong rồi giá hợp lệ là gì khi bid,0,0,0,0,0,1,1,0,0,0,0
tìm phiên theo tên sp và cách tham gia đặt giá,0,0,0,0,0,1,1,0,0,0,0
đếm ngược nằm ở chỗ nào nhé,0,0,0,0,0,0,0,0,1,0,0
gửi phiên để admin duyệt nhé,0,0,0,0,0,0,0,1,0,0,0
mình hỏi ngu tí luật chống đặt giá phút cuối kèm theo khi nào phien kết thúc,0,0,0,0,0,0,0,0,1,1,0
ờ bn lam tto lam sau do toi muon dau gia sp,0,0,1,0,0,0,1,0,0,0,0
cho tôi gặp bộ phận hỗ trợ và hướng dẫn bidder tham gia phiên,0,0,0,1,0,0,1,0,0,0,0
không cần giải thích thêm nhé,0,1,0,0,0,0,0,0,0,0,0
mình chào bạn và làm sao kiểm tra phien đang hoạt động,1,0,0,0,0,1,0,0,0,0,0
vậy là được sau đó làm sao gửi yêu cầu tạo phiên,0,1,0,0,0,0,0,1,0,0,0
trợ lý hữu ích quá trong hệ thống,0,0,1,0,0,0,0,0,0,0,0
tôi hài lòng cho người mới,0,0,1,0,0,0,0,0,0,0,0
hướng dẫn đăng sp đấu giá nhé,0,0,0,0,0,0,0,1,0,0,0
hôm nay trời đẹp cho người mới,0,0,0,0,0,0,0,0,0,0,1
cần hỗ trợ trực tiếp giúp tôi,0,0,0,1,0,0,0,0,0,0,0
vậy là được,0,1,0,0,0,0,0,0,0,0,0
help tìm phiên đấu giá đồng thời làm sao biết đặt giá thành công,0,0,0,0,0,1,1,0,0,0,0
hướng dẫn về chống đặt giá phút cuối khi tôi đang dùng app,0,0,0,0,0,0,0,0,0,1,0
đặt giá như thế nào tôi hơi chưa rõ thanks,0,0,0,0,0,0,1,0,0,0,0
create acution room thế nào trên mn hình hiện tại gấp,0,0,0,0,0,0,0,1,0,0,0
tại sao phiên tự kéo dài cho người mới,0,0,0,0,0,0,0,0,0,1,0
số dư ảnh hưởng gì khi đặt giá nhé,0,0,0,0,1,0,0,0,0,0,0
số dư trong hệ thống được hiểu như thế nào nói ngắn gọn thôi,0,0,0,0,1,0,0,0,0,0,0
tính giúp tôi căn bậc hai trên màn hình hiện tại,0,0,0,0,0,0,0,0,0,0,1
muốn giữ giá cao nhất thì làm sao với ạ,0,0,0,0,0,0,1,0,0,0,0
thời tiết ngày mai sao trên màn hình hiện tại,0,0,0,0,0,0,0,0,0,0,1
số dư là gì kèm theo làm sao biết đặt giá thành công,0,0,0,0,1,0,1,0,0,0,0
chào bạn tôi hơi chưa rõ ...,1,0,0,0,0,0,0,0,0,0,0
thong tin nay giup ich nhieu,0,0,1,0,0,0,0,0,0,0,0
gthich chống sniping tôi hơi chưa rõ,0,0,0,0,0,0,0,0,0,1,0
help nau pho nhu the nao gấp,0,0,0,0,0,0,0,0,0,0,1
hơi gấp gửi phiên để admin duyệt với ạ nha,0,0,0,0,0,0,0,1,0,0,0
tôi mới vào hệ thống kèm theo tôi cần tăng giá hiện tại,1,0,0,0,0,0,1,0,0,0,0
tôi muốn dgia sản phẩm giúp tôi,0,0,0,0,0,0,1,0,0,0,0
so tien con lai trong vi al gi iup toi,0,0,0,0,1,0,0,0,0,0,0
phiên này còn bao lâu tôi hơi chưa rõ,0,0,0,0,0,0,0,0,1,0,0
tìm phiên dgia nói ngắn gọn thôi,0,0,0,0,0,1,0,0,0,0,0
tìm auction room trong hệ thống,0,0,0,0,0,1,0,0,0,0,0
hơi gấp seller muon dang san pham trong he thong,0,0,0,0,0,0,0,1,0,0,0
bắt đầu tư vấn giúp tôi tôi hơi chưa rõ,1,0,0,0,0,0,0,0,0,0,0
chào hệ thống giúp tôi,1,0,0,0,0,0,0,0,0,0,0
rõ rồi nói ngắn gọn thôi,0,1,0,0,0,0,0,0,0,0,0
seller lobby tạo phiên ở đâu nói ngắn gọn thôi,0,0,0,0,0,0,0,1,0,0,0
hello trong he thong,1,0,0,0,0,0,0,0,0,0,0
bạn hướng dẫn rõ ràng cho người mới,0,0,1,0,0,0,0,0,0,0,0
cách mở phòng đấu giá mới sau đó đặt giá phút cuối có gia hạn không,0,0,0,0,0,0,0,1,0,1,0
giải thích dễ hiểu và giải thích chống sniping,0,0,1,0,0,0,0,0,0,1,0
viết bài thơ về biển nhé,0,0,0,0,0,0,0,0,0,0,1
tìm auction room tôi hơi chưa rõ,0,0,0,0,0,1,0,0,0,0,0
bạn đang online không nhé,1,0,0,0,0,0,0,0,0,0,0
làm sao gửi yêu cầu tạo phiên giúp tôi,0,0,0,0,0,0,0,1,0,0,0
làm sao tạo phiên đấu giá giúp tôi,0,0,0,0,0,0,0,1,0,0,0
có ai hỗ trợ không đồng thời luật chống đặt giá phút cuối,1,0,0,0,0,0,0,0,0,1,0
toi muon gap tu van vien va seller ta dau giia nhu the nao,0,0,0,1,0,0,0,1,0,0,0
tôi muốn tìm sản phẩm đang đấu giá cho người mới,0,0,0,0,0,1,0,0,0,0,0
cau tra loi rat de hieu voi a,0,0,1,0,0,0,0,0,0,0,0
xin chào trên màn hình hiện tại,1,0,0,0,0,0,0,0,0,0,0
seller muốn đăng sản phẩm cho người mới,0,0,0,0,0,0,0,1,0,0,0
viết bài thơ về biển cho người mới,0,0,0,0,0,0,0,0,0,0,1
anti sniping hoạt động thế nào,0,0,0,0,0,0,0,0,0,1,0
xem các phiên còn hiệu lực nói ngắn gọn thôi,0,0,0,0,0,1,0,0,0,0,0
hey assistant nói ngắn gọn thôi,1,0,0,0,0,0,0,0,0,0,0
tôi hài lòng nói ngắn gọn thôi,0,0,1,0,0,0,0,0,0,0,0
bấm nút nào để gửi giá trong hệ thống,0,0,0,0,0,0,1,0,0,0,0
số dư liên quan gì tới thanh toán kèm theo place bid như thế nào,0,0,0,0,1,0,1,0,0,0,0
để tôi thử tôi hơi chưa rõ,0,1,0,0,0,0,0,0,0,0,0
thiết lập bước igáá như thế nào trong hệ thống,0,0,0,0,0,0,0,1,0,0,0
câu trả lời đủ rồi khi tôi đang dùng app,0,1,0,0,0,0,0,0,0,0,0
cần mô tả sản phẩm ra sao cho người mới,0,0,0,0,0,0,0,1,0,0,0
tính giúp tôi căn bậc hai tôi hơi chưa rõ,0,0,0,0,0,0,0,0,0,0,1
đặt báo thức lúc 7 giờ,0,0,0,0,0,0,0,0,0,0,1
tôi muốn nghe nhạc khi tôi đang dùng app,0,0,0,0,0,0,0,0,0,0,1
cho tôi hỏi một chút đồng thời khi nào số dư bị trừ,1,0,0,0,1,0,0,0,0,0,0
cảm ơn bạn nhiều sau đó liên hệ người phụ trách giúp tôi thanks,0,0,1,1,0,0,0,0,0,0,0
bid bị từ chối thì kiểm tra gì với ạ,0,0,0,0,0,0,1,0,0,0,0
cái số tiền trong tk là sao,0,0,0,0,1,0,0,0,0,0,0
còn mấy phút nữa kết thúc trong hệ thống,0,0,0,0,0,0,0,0,1,0,0
cam on bot nha,0,0,1,0,0,0,0,0,0,0,0
tôi muốn gặp tư vấn viên giúp tôi,0,0,0,1,0,0,0,0,0,0,0
câu trả lời rất dễ hiểu nói ngắn gọn thôi,0,0,1,0,0,0,0,0,0,0,0
gthich chong sniping roi xem deadline cua phien,0,0,0,0,0,0,0,0,1,1,0
tôi muốn gọi tổng đài giúp tôi,0,0,0,1,0,0,0,0,0,0,0
đặt báo thức lúc 7 giờ cho người mới,0,0,0,0,0,0,0,0,0,0,1
phản hồi rất ổn với ạ,0,0,1,0,0,0,0,0,0,0,0
này hiểu rồi cho người mới plz,0,1,0,0,0,0,0,0,0,0,0
vì sao thời gian đấu giá tăng thêm kèm theo xem deadline của phien,0,0,0,0,0,0,0,0,1,1,0
ừ ok hiểu sơ sơ,0,1,0,0,0,0,0,0,0,0,0
trải nghiệm khá tốt,0,0,1,0,0,0,0,0,0,0,0
so du lien quan gi toi thanh toan giup toi ạ,0,0,0,0,1,0,0,0,0,0,0
cho tôi gặp bộ phận hỗ trợ nhé,0,0,0,1,0,0,0,0,0,0,0
nhập giá khởi điểm ở đâu xong rồi vì sao thời gian đấu giá tăng thêm,0,0,0,0,0,0,0,1,0,1,0
balance trong tk nghĩa là gì,0,0,0,0,1,0,0,0,0,0,0
chào buổi sáng với ạ,1,0,0,0,0,0,0,0,0,0,0
abbc yz khong hieu toi hoi chua ro plz,0,0,0,0,0,0,0,0,0,0,1
bat dau tu van giup toi kem theo auto extend trong dgia la gi,1,0,0,0,0,0,0,0,0,1,0
luat chong dat gia phut cuoi nhe gấp,0,0,0,0,0,0,0,0,0,1,0
so du dung de lam gi,0,0,0,0,1,0,0,0,0,0,0
chào hệ thống và vì sao phải kiểm tra số dư,1,0,0,0,1,0,0,0,0,0,0
số dư là gì nói ngắn gọn thôi,0,0,0,0,1,0,0,0,0,0,0
lobby có những phiên nào nói ngắn gọn thôi,0,0,0,0,0,1,0,0,0,0,0
hơi gấp vì sao phải kiểm tra số dư cho người mới,0,0,0,0,1,0,0,0,0,0,0
toi can tang gia hiien tia cho nguoi moi,0,0,0,0,0,0,1,0,0,0,0
help da hieu ter man hinh hien tai ???,0,1,0,0,0,0,0,0,0,0,0
xem phiên sắp kết thúc khi tôi đang dùng app,0,0,0,0,0,1,0,0,0,0,0
bid sát giờ có kéo dài phiên không sau đó auction còn bao lâu,0,0,0,0,0,0,0,0,1,1,0
hello và tìm phiên theo tên sản phẩm,1,0,0,0,0,1,0,0,0,0,0
tôi muốn gặp tư vấn viên khi tôi đang dùng app,0,0,0,1,0,0,0,0,0,0,0
số dư có vai trò gì khi thắng phiên trên màn hình hiện tại,0,0,0,0,1,0,0,0,0,0,0
giải thích dễ hiểu kèm theo chuyển tôi đến tư vấn viên,0,0,1,1,0,0,0,0,0,0,0
câu trả lời đủ rồi nói ngắn gọn thôi,0,1,0,0,0,0,0,0,0,0,0
cần hỗ trợ trực tiếp nói ngắn gọn thôi,0,0,0,1,0,0,0,0,0,0,0
cho tôi biết khái niệm số dư trong hệ thống,0,0,0,0,1,0,0,0,0,0,0
chuyển tôi đến tư vấn viên nói ngắn gọn thôi,0,0,0,1,0,0,0,0,0,0,0
tôi muốn gọi tổng đài nhé,0,0,0,1,0,0,0,0,0,0,0
y nghia cua so du trong dau gia nhe,0,0,0,0,1,0,0,0,0,0,0
lọc sản phẩm đang đấu giá tôi hơi chưa rõ,0,0,0,0,0,1,0,0,0,0,0
can mo ta san pham ra sao tren man hinh hien tai,0,0,0,0,0,0,0,1,0,0,0
tìm phiên bán laptop trong hệ thống,0,0,0,0,0,1,0,0,0,0,0
bạn làm tốt lắm giúp tôi,0,0,1,0,0,0,0,0,0,0,0
để tôi thử,0,1,0,0,0,0,0,0,0,0,0
tôi đã rõ đồng thời cần thông tin gì để tạo phien,0,1,0,0,0,0,0,1,0,0,0
bạn hướng dẫn rõ ràng kèm theo tôi cần người xử lý,0,0,1,1,0,0,0,0,0,0,0
anti snip la j vay,0,0,0,0,0,0,0,0,0,1,0
ad ơi so du co phai tien ka duung khong giup toi gấp,0,0,0,0,1,0,0,0,0,0,0
mình hỏi ngu tí muốn giữ giá cao nhất thì làm sao cho người mới,0,0,0,0,0,0,1,0,0,0,0
tôi ghi nhận cho người mới,0,1,0,0,0,0,0,0,0,0,0
thoi tiet ngay mai sao toii hoi hua ro,0,0,0,0,0,0,0,0,0,0,1
chatbot thông minh giúp tôi,0,0,1,0,0,0,0,0,0,0,0
tạo phiên cho sản phẩm mới trên màn hình hiện tại,0,0,0,0,0,0,0,1,0,0,0
luật chống đặt giá phút cuối xong rồi kiểm tra giờ kết thúc phiên,0,0,0,0,0,0,0,0,1,1,0
số dư là gì với ạ,0,0,0,0,1,0,0,0,0,0,0
place bid như thế nào sau đó còn mấy phút nữa kết thúc,0,0,0,0,0,0,1,0,1,0,0
ê bid bi tu choi thi ikm tra gi nhe,0,0,0,0,0,0,1,0,0,0,0
tại sao phiên tự kéo dài trên màn hình hiện tại,0,0,0,0,0,0,0,0,0,1,0
giá hợp lệ là gì khi bid khi tôi đang dùng app,0,0,0,0,0,0,1,0,0,0,0
mo abn do giup toi khi toi daang dung app,0,0,0,0,0,0,0,0,0,0,1
phiên này còn bao lâu khi tôi đang dùng app,0,0,0,0,0,0,0,0,1,0,0
giải thích chống sniping cho người mới,0,0,0,0,0,0,0,0,0,1,0
thời tiết ngày mai sao nhé,0,0,0,0,0,0,0,0,0,0,1
tôi muốn tìm sản phẩm đang đấu giá nói ngắn gọn thôi,0,0,0,0,0,1,0,0,0,0,0
nhập giá khởi điểm ở đâu với ạ,0,0,0,0,0,0,0,1,0,0,0
phản hồi rất ổn trên màn hình hiện tại,0,0,1,0,0,0,0,0,0,0,0
ý nghĩa của số dư trong đấu giá trên màn hình hiện tại,0,0,0,0,1,0,0,0,0,0,0
hơi gấp phản hiồ rất ổn nói nggắn gọn thôi,0,0,1,0,0,0,0,0,0,0,0
đặt giá như thế nào trên màn hình hiện tại,0,0,0,0,0,0,1,0,0,0,0
tim phien ban laptop trong he thong,0,0,0,0,0,1,0,0,0,0,0
tạm ổn với ạ,0,1,0,0,0,0,0,0,0,0,0
tôi muốn đấu giá sản phẩm giúp tôi,0,0,0,0,0,0,1,0,0,0,0
hơi ggấp ban lam tot lam coh nguoi moi,0,0,1,0,0,0,0,0,0,0,0
thời tiết ngày mai sao,0,0,0,0,0,0,0,0,0,0,1
ê locc san pham dang dgia toi ho chua ro gấp,0,0,0,0,0,1,0,0,0,0,0
chào hệ thống nhé,1,0,0,0,0,0,0,0,0,0,0
xem các phiên còn hiệu lực tôi hơi chưa rõ,0,0,0,0,0,1,0,0,0,0,0
tôi hài lòng tôi hơi chưa rõ,0,0,1,0,0,0,0,0,0,0,0
seller tao dau gia nhu the nao toi hoi chua ro plz,0,0,0,0,0,0,0,1,0,0,0
cảm ơn nha mà anti sniping là sao,0,0,1,0,0,0,0,0,0,1,0
xem đồng hồ đếm ngược ở đâu giúp tôi,0,0,0,0,0,0,0,0,1,0,0
số dư có vai trò gì khi thắng phiên tôi hơi chưa rõ,0,0,0,0,1,0,0,0,0,0,0
quy trình đặt giá trong phòng trong hệ thống,0,0,0,0,0,0,1,0,0,0,0
pls có ai hỗ trợ không đồng thời anti sniping là gì nha,1,0,0,0,0,0,0,0,0,1,0
ê ban thich mau gi voi a huhu,0,0,0,0,0,0,0,0,0,0,1
luat chong da gia phut cuoi khi toi daang dung app ???,0,0,0,0,0,0,0,0,0,1,0
hỗ trợ nhanh thật giúp tôi,0,0,1,0,0,0,0,0,0,0,0
hello giúp tôi,1,0,0,0,0,0,0,0,0,0,0
này vi sao phai kiem tra so du tren man hinh hien tai ???,0,0,0,0,1,0,0,0,0,0,0
rõ rồi xong rồi cần thông tin gì để tạo phiên,0,1,0,0,0,0,0,1,0,0,0
bạn thích màu gì cho người mới,0,0,0,0,0,0,0,0,0,0,1
trợ lý hữu ích quá rồi bid sát giờ có kéo dài phiên không,0,0,1,0,0,0,0,0,0,1,0
cơ chế chống cướp giá cuối giờ cho người mới,0,0,0,0,0,0,0,0,0,1,0
bạn làm tốt lắm,0,0,1,0,0,0,0,0,0,0,0
bạn làm tốt lắm cho người mới,0,0,1,0,0,0,0,0,0,0,0
chào buổi chiều với ạ với,1,0,0,0,0,0,0,0,0,0,0
này so du co vai tro gi khi thang phien roi loc san pham dang dau gia,0,0,0,0,1,1,0,0,0,0,0
cho toi gap bo phan ho tro nhe gấp,0,0,0,1,0,0,0,0,0,0,0
mình hỏi ngu tí auction con bao lau giup toi,0,0,0,0,0,0,0,0,1,0,0
chào buổi chiều khi tôi đang dùng app,1,0,0,0,0,0,0,0,0,0,0
ê auction còn bao lâu cho người mới đc ko,0,0,0,0,0,0,0,0,1,0,0
ad ơi đồng ý đồng thời hd bidder tham ia phinê,0,1,0,0,0,0,1,0,0,0,0
gửi phiên để admin duyệt cho người mới,0,0,0,0,0,0,0,1,0,0,0
này huong dan bidder tham gia phien khi toi dang dung app ...,0,0,0,0,0,0,1,0,0,0,0
tôi muốn gặp tư vấn viên với ạ,0,0,0,1,0,0,0,0,0,0,0
hi tro ly sau do co che chong cuop gia cuoi gio ???,1,0,0,0,0,0,0,0,0,1,0
cách tham gia đặt giá giúp tôi,0,0,0,0,0,0,1,0,0,0,0
để tôi thử rồi seller lobby tạo phiên ở đâu,0,1,0,0,0,0,0,1,0,0,0
bạn làm tốt lắm tôi hơi chưa rõ,0,0,1,0,0,0,0,0,0,0,0
quy trình đặt giá trong phòng trên màn hình hiện tại,0,0,0,0,0,0,1,0,0,0,0
rõ rồi với ạ,0,1,0,0,0,0,0,0,0,0,0
bạn làm tốt lắm trên màn hình hiện tại,0,0,1,0,0,0,0,0,0,0,0
khi nào phiên kết thúc tôi hơi chưa rõ,0,0,0,0,0,0,0,0,1,0,0
vi sao countdown nhay them thoi gian giup toi,0,0,0,0,0,0,0,0,0,1,0
cách tham gia đặt giá với ạ,0,0,0,0,0,0,1,0,0,0,0
kể chuyện cười đi tôi hơi chưa rõ,0,0,0,0,0,0,0,0,0,0,1
cho hỏi so du co phai tien kha dung khong tren man hinh hien tai,0,0,0,0,1,0,0,0,0,0,0
hơi gấp huong dan bidder tham gia phien cho nguoi moi ???,0,0,0,0,0,0,1,0,0,0,0
goi nhan vien ho tro sau do bid bi tu choi thi kiem tra gi gấp,0,0,0,1,0,0,1,0,0,0,0
lam sao xem danh sach dgia trong he thong,0,0,0,0,0,1,0,0,0,0,0
chào hệ thống cho người mới,1,0,0,0,0,0,0,0,0,0,0
số dư trong hệ thống được hiểu như thế nào khi tôi đang dùng app,0,0,0,0,1,0,0,0,0,0,0
có ai hỗ trợ không tôi hơi chưa rõ,1,0,0,0,0,0,0,0,0,0,0
giai thich de hieu hhne plz,0,0,1,0,0,0,0,0,0,0,0
không cần giải thích thêm khi tôi đang dùng app,0,1,0,0,0,0,0,0,0,0,0
cảm ơn bạn nhiều,0,0,1,0,0,0,0,0,0,0,0
co toi so dien thoai hho tro,0,0,0,1,0,0,0,0,0,0,0
câu trả lời đúng ý tôi,0,0,1,0,0,0,0,0,0,0,0
tôi muốn gặp tư vấn viên nói ngắn gọn thôi,0,0,0,1,0,0,0,0,0,0,0
hướng dẫn xem countdown trong hệ thống,0,0,0,0,0,0,0,0,1,0,0
pls cauu tra loi dung y toi torng he thong,0,0,1,0,0,0,0,0,0,0,0
số dư dùng để làm gì tôi hơi chưa rõ,0,0,0,0,1,0,0,0,0,0,0
cho tôi gặp bộ phận hỗ trợ khi tôi đang dùng app,0,0,0,1,0,0,0,0,0,0,0
chào buổi sáng và gia hạn tự động khi nào xảy ra,1,0,0,0,0,0,0,0,0,1,0
số dư liên quan gì tới thanh toán cho người mới,0,0,0,0,1,0,0,0,0,0,0
mình hỏi ngu tí giai thich de hieu roi can lien he admin,0,0,1,1,0,0,0,0,0,0,0
ok nhé,0,1,0,0,0,0,0,0,0,0,0
auto extend trong đấu giá là gì nói ngắn gọn thôi,0,0,0,0,0,0,0,0,0,1,0
giải thích số dư tài khoản,0,0,0,0,1,0,0,0,0,0,0
thoi tiet ngay mai sao voi a,0,0,0,0,0,0,0,0,0,0,1
đã hiểu khi tôi đang dùng app,0,1,0,0,0,0,0,0,0,0,0
hello trong hệ thống,1,0,0,0,0,0,0,0,0,0,0
kết nối ad giúp tôi,0,0,0,1,0,0,0,0,0,0,0
ờ vì sao thời gian đấu giá tăng thêm nhé,0,0,0,0,0,0,0,0,0,1,0
vi sao countdown nhay them thoi gian va dem nguoc nam o cho nao,0,0,0,0,0,0,0,0,1,1,0
bạn thích màu gì trên màn hình hiện tại,0,0,0,0,0,0,0,0,0,0,1
chatbot chưa giải quyết được cho người mới,0,0,0,1,0,0,0,0,0,0,0
minh chao ban cho nugo moi,1,0,0,0,0,0,0,0,0,0,0
đặt giá như thế nào nói ngắn gọn thôi,0,0,0,0,0,0,1,0,0,0,0
phan hoi rat on toi hoi chua ro,0,0,1,0,0,0,0,0,0,0,0
gọi nhân viên hỗ trợ nói ngắn gọn thôi,0,0,0,1,0,0,0,0,0,0,0
ad ơi mo ban do giup toi noi ngan gon thoi đc ko,0,0,0,0,0,0,0,0,0,0,1
abc xyz không hiểu trong hệ thống,0,0,0,0,0,0,0,0,0,0,1
xem thời gian còn lại với ạ,0,0,0,0,0,0,0,0,1,0,0
kể chuyện cười đi nói ngắn gọn thôi,0,0,0,0,0,0,0,0,0,0,1
tai sao phien tu keo dai nhe ???,0,0,0,0,0,0,0,0,0,1,0
làm sao kiểm tra phiên đang hoạt động trên màn hình hiện tại,0,0,0,0,0,1,0,0,0,0,0
cho tôi gặp bộ phận hỗ trợ nói ngắn gọn thôi,0,0,0,1,0,0,0,0,0,0,0
cơ chế chong cướp giá cuối giờ trên màn hình hiện tại,0,0,0,0,0,0,0,0,0,1,0
viết bài thơ về biển,0,0,0,0,0,0,0,0,0,0,1
làm sao tạo phiên đấu giá trên màn hình hiện tại,0,0,0,0,0,0,0,1,0,0,0
ad ơi để tôi thử trong hệ thống,0,1,0,0,0,0,0,0,0,0,0
đổi mật khẩu wifi thế nào trên màn hình hiện tại,0,0,0,0,0,0,0,0,0,0,1
tôi muốn tìm sản phẩm đang đấu giá,0,0,0,0,0,1,0,0,0,0,0
hi trợ lý nhé,1,0,0,0,0,0,0,0,0,0,0
chatbot thông minh trên màn hình hiện tại,0,0,1,0,0,0,0,0,0,0,0
chatbot chưa giải quyết được cho người mới huhu,0,0,0,1,0,0,0,0,0,0,0
thời gian dgia còn bao nhiêu tôi hơi chưa rõ,0,0,0,0,0,0,0,0,1,0,0
cho tôi hỏi một chút xong rồi số dư dùng để làm gì,1,0,0,0,1,0,0,0,0,0,0
chào hệ thống khi tôi đang dùng app,1,0,0,0,0,0,0,0,0,0,0
này seller tao dau gia nhu the nao dong thoi auction con bao lau,0,0,0,0,0,0,0,1,1,0,0
vì sao phải kiểm tra số dư khi tôi đang dùng app,0,0,0,0,1,0,0,0,0,0,0
loc san pham dang dau gia nhe,0,0,0,0,0,1,0,0,0,0,0
cơ chế gia hạn phiên cuối giờ khi tôi đang dùng app,0,0,0,0,0,0,0,0,0,1,0
bắt đầu tư vấn giúp tôi rồi tìm phien đấu giá,1,0,0,0,0,1,0,0,0,0,0
nhập giá khởi điểm ở đâu cho người mới,0,0,0,0,0,0,0,1,0,0,0
làm sao gửi yêu cầu tạo phiên cho người mới,0,0,0,0,0,0,0,1,0,0,0
số dư dùng để làm gì giúp tôi,0,0,0,0,1,0,0,0,0,0,0
tôi muốn gọi tổng đài kèm theo cần thông tin gì để tạo phiên,0,0,0,1,0,0,0,1,0,0,0
cảm ơn bạn nhiều giúp tôi,0,0,1,0,0,0,0,0,0,0,0
xem thời hạn phiên dgia với ạ,0,0,0,0,0,0,0,0,1,0,0
hôm nay trời đẹp,0,0,0,0,0,0,0,0,0,0,1
ad ơi phan hoi rat no voi aa plz,0,0,1,0,0,0,0,0,0,0,0
dem nguoc nnam o cho nao toi hoi chua or,0,0,0,0,0,0,0,0,1,0,0
bạn hướng dẫn rõ ràng với ạ,0,0,1,0,0,0,0,0,0,0,0
cơ chế gia hạn phiên cuối giờ tôi hơi chưa rõ,0,0,0,0,0,0,0,0,0,1,0
phản hồi rất ổn,0,0,1,0,0,0,0,0,0,0,0
huong dan bidder tham gia phien voi a,0,0,0,0,0,0,1,0,0,0,0
tôi mới vào hệ thống kèm theo số tiền còn lại trong ví là gì,1,0,0,0,1,0,0,0,0,0,0
balance trong tài khoản nghĩa là gì trong hệ thống,0,0,0,0,1,0,0,0,0,0,0
nhập giá khởi điểm ở đâu nói ngắn gọn thôi,0,0,0,0,0,0,0,1,0,0,0
mở bản đồ giúp tôi trên màn hình hiện tại,0,0,0,0,0,0,0,0,0,0,1
seller tao dau gia nhu the nao roi khi nao phien ket thuc ạ,0,0,0,0,0,0,0,1,1,0,0
tại sao phiên tự kéo dài trong hệ thống,0,0,0,0,0,0,0,0,0,1,0
cần thông tin gì để tạo phiên kèm theo cơ chế chống cướp giá cuối giờ,0,0,0,0,0,0,0,1,0,1,0
xem thời gian còn lại tôi hơi chưa rõ,0,0,0,0,0,0,0,0,1,0,0
can mo ta san pham ra sao trong he thong gấp,0,0,0,0,0,0,0,1,0,0,0
tôi muốn đấu giá sản phẩm với ạ đc ko,0,0,0,0,0,0,1,0,0,0,0
ad ơi so du dung de lam gi roi can nhap gi khi dat gia,0,0,0,0,1,0,1,0,0,0,0
bid bị từ chối thì kiểm tra gì trên màn hình hiện tại,0,0,0,0,0,0,1,0,0,0,0
cần liên hệ admin giúp tôi,0,0,0,1,0,0,0,0,0,0,0
số dư dùng để làm gì khi tôi đang dùng app,0,0,0,0,1,0,0,0,0,0,0
kiểm tra time left tôi hơi chưa rõ,0,0,0,0,0,0,0,0,1,0,0
tôi ghi nhận trên màn hình hiện tại,0,1,0,0,0,0,0,0,0,0,0
cần mô tả sản phẩm ra sao rồi phiên gần hết giờ chưa,0,0,0,0,0,0,0,1,1,0,0
cần nhập gì khi đặt giá khi tôi đang dùng app,0,0,0,0,0,0,1,0,0,0,0
create auction room thế nào kèm theo cơ chế chống cướp giá cuối giờ,0,0,0,0,0,0,0,1,0,1,0
seller muốn đăng sp tôi hơi chưa rõ,0,0,0,0,0,0,0,1,0,0,0
cho hỏi tim phien theo ten san pham va xem dong ho dem nguoc o dau ???,0,0,0,0,0,1,0,0,1,0,0
phiên gần hết giờ chưa nói ngắn gọn thôi,0,0,0,0,0,0,0,0,1,0,0
vì sao phải kiểm tra số dư cho người mới,0,0,0,0,1,0,0,0,0,0,0
ý nghĩa của số dư trong đấu giá trong hệ thống,0,0,0,0,1,0,0,0,0,0,0
gọi nhân viên hỗ trợ giúp tôi,0,0,0,1,0,0,0,0,0,0,0
place bid như thế nào đồng thời khi nào phiên kết thúc,0,0,0,0,0,0,1,0,1,0,0
tôi đã rõ với ạ,0,1,0,0,0,0,0,0,0,0,0
để ti thhử,0,1,0,0,0,0,0,0,0,0,0
tôi muốn gặp tư vấn viên,0,0,0,1,0,0,0,0,0,0,0
ad ơi huong dan ev chong dat gia phut cuoi nhee,0,0,0,0,0,0,0,0,0,1,0
cho tôi biết khái niệm số dư cho người mới huhu,0,0,0,0,1,0,0,0,0,0,0
tôi muốn gặp tư vấn viên đồng thời cần mô tả sp ra sao,0,0,0,1,0,0,0,1,0,0,0
có ai hỗ trợ không nói ngắn gọn thôi,1,0,0,0,0,0,0,0,0,0,0
làm sao gửi yêu cầu tạo phiên sau đó kiểm tra giờ kết thúc phiên,0,0,0,0,0,0,0,1,1,0,0
phiên này còn bao lâu cho người mới,0,0,0,0,0,0,0,0,1,0,0
ê gia hạn tự động khi nào xảy ra cho người mới ???,0,0,0,0,0,0,0,0,0,1,0
help ban lam tot lam xong roi can ho tro truc tiep,0,0,1,1,0,0,0,0,0,0,0
chatbot chua giai quyet duoc cho nguoi moi,0,0,0,1,0,0,0,0,0,0,0
bạn làm tốt lắm với ạ,0,0,1,0,0,0,0,0,0,0,0
bắt đầu tư vấn giúp tôi nói ngắn gọn thôi,1,0,0,0,0,0,0,0,0,0,0
số dư có vai trò gì khi thắng phiên rồi làm sao để dat gia,0,0,0,0,1,0,1,0,0,0,0
hướng dẫn tìm phòng đấu giá nói ngắn gọn thôi,0,0,0,0,0,1,0,0,0,0,0
cho buoi asng nhe nha,1,0,0,0,0,0,0,0,0,0,0
vì sao thời gian đấu giá tăng thêm giúp tôi,0,0,0,0,0,0,0,0,0,1,0
chuyển tôi đến tvv khi tôi đang dùng app,0,0,0,1,0,0,0,0,0,0,0
tôi mới vào hệ thống và tôi muốn tìm sản phẩm đang đấu giá,1,0,0,0,0,1,0,0,0,0,0
sniping trong dgia nghĩa là gì trong hệ thống,0,0,0,0,0,0,0,0,0,1,0
gửi phiên để admin duyệt trong hệ thống,0,0,0,0,0,0,0,1,0,0,0
liên hệ người phụ trách giúp tôi nói ngắn gọn thôi,0,0,0,1,0,0,0,0,0,0,0
cần liên hệ admin trong hệ thống,0,0,0,1,0,0,0,0,0,0,0
câu trả lời đủ rồi trên màn hình hiện tại,0,1,0,0,0,0,0,0,0,0,0
hom nay troi dep toi hoi chua ro,0,0,0,0,0,0,0,0,0,0,1
ờ câu trả lời rất dễ hiểu kèm theo anti sniping là gì,0,0,1,0,0,0,0,0,0,1,0
cần mô tả sản phẩm ra sao và xem thời gian còn lại,0,0,0,0,0,0,0,1,1,0,0
câu trả lời đúng ý tôi nhé,0,0,1,0,0,0,0,0,0,0,0
lọc sản phẩm đang đấu giá trong hệ thống,0,0,0,0,0,1,0,0,0,0,0
làm sao biết phiên sắp hết giờ trong hệ thống,0,0,0,0,0,0,0,0,1,0,0
xem dongg ho dem nugoc o dau trong he thong ...,0,0,0,0,0,0,0,0,1,0,0
cho hỏi lam sao de dat gia sau do auction con bao lau,0,0,0,0,0,0,1,0,1,0,0
vì sao thời gian dgia tăng thêm khi tôi đang dùng app,0,0,0,0,0,0,0,0,0,1,0
hơi gấp bat dau tu van giup toi tren man hinh hien tai,1,0,0,0,0,0,0,0,0,0,0
tôi muốn gọi tổng đài trên màn hình hiện tại,0,0,0,1,0,0,0,0,0,0,0
vậy là được tôi hơi chưa rõ,0,1,0,0,0,0,0,0,0,0,0
giải thích số dư tài khoản trong hệ thống,0,0,0,0,1,0,0,0,0,0,0
seller muốn đăng sản phẩm với ạ,0,0,0,0,0,0,0,1,0,0,0
ờ dich vu ho tro tot tren man hinh hien tai ...,0,0,1,0,0,0,0,0,0,0,0
xem các phiên còn hiệu lực khi tôi đang dùng app,0,0,0,0,0,1,0,0,0,0,0
huong dan tim phien dang mo,0,0,0,0,0,1,0,0,0,0,0
gthich chong sniping tren man hinh hien tai,0,0,0,0,0,0,0,0,0,1,0
vì sao thời gian đấu giá tăng thêm tôi hơi chưa rõ,0,0,0,0,0,0,0,0,0,1,0
guu phien de admin duyet trong he thong,0,0,0,0,0,0,0,1,0,0,0
làm sao xem danh sách đấu giá nói ngắn gọn thôi,0,0,0,0,0,1,0,0,0,0,0
chào buổi chiều xong rồi hướng dẫn tìm phòng đấu giá,1,0,0,0,0,1,0,0,0,0,0
abc xyz không hiểu khi tôi đang dùng app,0,0,0,0,0,0,0,0,0,0,1
vì sao countdown nhảy thêm thời gian với ạ,0,0,0,0,0,0,0,0,0,1,0
phim nao hay noi ngan gon thoi với,0,0,0,0,0,0,0,0,0,0,1
quy trình đặt giá trong phòng nói ngắn gọn thôi,0,0,0,0,0,0,1,0,0,0,0
cơ chế chống cướp giá cuối giờ với ạ,0,0,0,0,0,0,0,0,0,1,0
dich cau nay sang tieng Anh thanks,0,0,0,0,0,0,0,0,0,0,1
chào bạn xong rồi cho tôi số điện thoại hỗ trợ,1,0,0,1,0,0,0,0,0,0,0
liên hệ người phụ trrách giúp tôi khi tôi đang dùng app thaks,0,0,0,1,0,0,0,0,0,0,0
đặt giá phút cuối có gia hạn không cho người mới,0,0,0,0,0,0,0,0,0,1,0
alo chatbot rồi tôi cần người xử lý,1,0,0,1,0,0,0,0,0,0,0
auto extend trong đấu giá là gì xong rồi xem deadline của phiên,0,0,0,0,0,0,0,0,1,1,0
seller tạo đấu giá như thế nào nhé,0,0,0,0,0,0,0,1,0,0,0
help so du anh huong gi khi dat gia nhe,0,0,0,0,1,0,0,0,0,0,0
bạn đang online không đồng thời số dư là gì,1,0,0,0,1,0,0,0,0,0,0
auction còn bao lâu khi tôi đang dùng app,0,0,0,0,0,0,0,0,1,0,0
xem các phiên còn hiệu lực giúp tôi,0,0,0,0,0,1,0,0,0,0,0
seller lobby tạo phiên ở đâu sau đó phiên này còn bao lâu,0,0,0,0,0,0,0,1,1,0,0
cho tôi hỏi một chút khi tôi đang dùng app,1,0,0,0,0,0,0,0,0,0,0
làm sao xem danh sách đấu giá rồi xem thời gian còn lại,0,0,0,0,0,1,0,0,1,0,0
tôi muốn nghe nhạc trong hệ thống,0,0,0,0,0,0,0,0,0,0,1
pls cach tham gia dat gia giup toi,0,0,0,0,0,0,1,0,0,0,0
ban huong dan ro rang kem theo anti sniping hoat dong the nao,0,0,1,0,0,0,0,0,0,1,0
xem đồng hồ đếm ngược ở đâu tôi hơi chưa rõ,0,0,0,0,0,0,0,0,1,0,0
tính giúp tôi căn bậc hai cho người mới,0,0,0,0,0,0,0,0,0,0,1
cho tôi biết khái niệm số dư nhé,0,0,0,0,1,0,0,0,0,0,0
hướng dẫn bidder tham gia phiên xong rồi hướng dẫn xem countdown,0,0,0,0,0,0,1,0,1,0,0
et noi admin giup toi giup toii,0,0,0,1,0,0,0,0,0,0,0
cach mo phong dgia moi dong thoi bid sat gio co keo dai phien khong đc ko,0,0,0,0,0,0,0,1,0,1,0
xem thoi ahn phienn dau gia toi hoi chua ro,0,0,0,0,0,0,0,0,1,0,0
trải nghiệm khá tốt khi tôi đang dùng app,0,0,1,0,0,0,0,0,0,0,0
kiem tar time left trong he thongg đc ko,0,0,0,0,0,0,0,0,1,0,0
bạn đang online không,1,0,0,0,0,0,0,0,0,0,0
số dư liên quan gì tới thanh toán nói ngắn gọn thôi,0,0,0,0,1,0,0,0,0,0,0
bạn trả lời tốt trên màn hình hiện tại,0,0,1,0,0,0,0,0,0,0,0
giá hợp lệ là gì khi bid giúp tôi,0,0,0,0,0,0,1,0,0,0,0
giá hợp lệ là gì khi bid cho người mới,0,0,0,0,0,0,1,0,0,0,0
create auction room thế nào đồng thời gia hạn tự động khi nào xảy ra,0,0,0,0,0,0,0,1,0,1,0
chatbot chưa giải quyết được nhé,0,0,0,1,0,0,0,0,0,0,0
thông tin này giúp ích nhiều sau đó admin có thể hỗ trợ không,0,0,1,1,0,0,0,0,0,0,0
cha buoi sang xong roi co che iga han phien cuoi gio,1,0,0,0,0,0,0,0,0,1,0
gọi nhân viên hỗ trợ khi tôi đang dùng app,0,0,0,1,0,0,0,0,0,0,0
mình hỏi ngu tí huong dan tim phien dang mo toi hoi chua ro ạ,0,0,0,0,0,1,0,0,0,0,0
cách mở phòng dgia mới,0,0,0,0,0,0,0,1,0,0,0
thời gian đấu giá còn bao nhiêu nói ngắn gọn thôi,0,0,0,0,0,0,0,0,1,0,0
cho tôi số điện thoại hỗ trợ xong rồi seller muốn đăng sp,0,0,0,1,0,0,0,1,0,0,0
chào bạn cho người mới,1,0,0,0,0,0,0,0,0,0,0
chuyển tôi đến tư vấn viên đồng thời đặt giá như thế nào,0,0,0,1,0,0,1,0,0,0,0
ok ad ơi chỉ tôi cái này,0,1,0,0,0,0,0,0,0,0,0
cách mở phòng đấu giá mới kèm theo xem deadline của phiên,0,0,0,0,0,0,0,1,1,0,0
anti sniping hoạt động thế nào rồi phiên gần hết giờ chưa,0,0,0,0,0,0,0,0,1,1,0
chào buổi chiều trong hệ thống,1,0,0,0,0,0,0,0,0,0,0
làm sao gửi yêu cầu tạo phiên khi tôi đang dùng app,0,0,0,0,0,0,0,1,0,0,0
abc xyz không hiểu tôi hơi chưa rõ,0,0,0,0,0,0,0,0,0,0,1
ờ thong tin nay giup ich nhieu roi cho toi gap bo phan ho tro plz,0,0,1,1,0,0,0,0,0,0,0
tính giúp tôi căn bậc hai nói ngắn gọn thôi,0,0,0,0,0,0,0,0,0,0,1
tôi mới vào hệ thống cho người mới,1,0,0,0,0,0,0,0,0,0,0
gia hạn tự động khi nào xảy ra nói ngắn gọn thôi,0,0,0,0,0,0,0,0,0,1,0
chào buổi chiều giúp tôi,1,0,0,0,0,0,0,0,0,0,0
anti sniping là gì khi tôi đang dùng app,0,0,0,0,0,0,0,0,0,1,0
hi trợ lý và cần nhập gì khi đặt giá,1,0,0,0,0,0,1,0,0,0,0
số dư ảnh hưởng gì khi đặt giá khi tôi đang dùng app,0,0,0,0,1,0,0,0,0,0,0
câu trả lời đúng ý tôi kèm theo sniping trong đấu giá nghĩa là gì,0,0,1,0,0,0,0,0,0,1,0
tại sao phiên tự kéo dài khi tôi đang dùng app,0,0,0,0,0,0,0,0,0,1,0
ê bạn ưhớng ddẫn rõ ràng giúp tôi,0,0,1,0,0,0,0,0,0,0,0
mở bản đồ giúp tôi với ạ,0,0,0,0,0,0,0,0,0,0,1
vay la duoc nhe,0,1,0,0,0,0,0,0,0,0,0
hỗ trợ nhanh thật kèm theo place bid như thế nào,0,0,1,0,0,0,1,0,0,0,0
đồng ý và hướng dẫn bidder tham gia phiên,0,1,0,0,0,0,1,0,0,0,0
cần thông tin gì để tạo phien trên màn hình hiện tại,0,0,0,0,0,0,0,1,0,0,0
tôi cần nói chuyện với người thật giúp tôi,0,0,0,1,0,0,0,0,0,0,0
xem deadline của phien trên màn hình hiện tại,0,0,0,0,0,0,0,0,1,0,0
cach tham gia dat giia toi oi chua ro plz,0,0,0,0,0,0,1,0,0,0,0
hỗ trợ nhanh thật,0,0,1,0,0,0,0,0,0,0,0
tìm auction room rồi xem thời hạn phiên đấu giá,0,0,0,0,0,1,0,0,1,0,0
làm sao kiểm tra phiên đang hoạt động,0,0,0,0,0,1,0,0,0,0,0
kết nối admin giúp tôi giúp tôi,0,0,0,1,0,0,0,0,0,0,0
phien con bn lau,0,0,0,0,0,0,0,0,1,0,0
làm sao kiểm tra phiên đang hoạt động với ạ,0,0,0,0,0,1,0,0,0,0,0
phim nào hay nhé,0,0,0,0,0,0,0,0,0,0,1
bid sao z,0,0,0,0,0,0,1,0,0,0,0
hôm nay trời đẹp tôi hơi chưa rõ,0,0,0,0,0,0,0,0,0,0,1
cho tôi gặp bộ phận hỗ trợ xong rồi làm sao gửi yêu cầu tạo phiên,0,0,0,1,0,0,0,1,0,0,0
pls chào buổi chiều rồi cần liên hệ admin,1,0,0,1,0,0,0,0,0,0,0
pls oi hai long kem theo cach tham giia dat gia,0,0,1,0,0,0,1,0,0,0,0
tạm ổn giúp tôi,0,1,0,0,0,0,0,0,0,0,0
tôi cần nói chuyện với người thật với ạ,0,0,0,1,0,0,0,0,0,0,0
câu trả lời đúng ý tôi khi tôi đang dùng app,0,0,1,0,0,0,0,0,0,0,0
cho hỏi nau pho nhu the nao cho nguoi moi,0,0,0,0,0,0,0,0,0,0,1
tai sao can co so du khi toi dang dung app ???,0,0,0,0,1,0,0,0,0,0,0
xin chào giúp tôi,1,0,0,0,0,0,0,0,0,0,0
cần mô tả sản phẩm ra sao tôi hơi chưa rõ,0,0,0,0,0,0,0,1,0,0,0
hi trợ lý khi tôi đang dùng app,1,0,0,0,0,0,0,0,0,0,0
vậy là được nói ngắn gọn thôi,0,1,0,0,0,0,0,0,0,0,0
liên hệ người phụ trách giúp tôi rồi làm sao gửi yêu cầu tạo phiên,0,0,0,1,0,0,0,1,0,0,0
viết bài thơ về biển trên màn hình hiện tại,0,0,0,0,0,0,0,0,0,0,1
kiểm tra time left với ạ,0,0,0,0,0,0,0,0,1,0,0
tôi muốn đấu giá sản phẩm nói ngắn gọn thôi,0,0,0,0,0,0,1,0,0,0,0
bấm nút nào để gửi giá trên màn hình hiện tại,0,0,0,0,0,0,1,0,0,0,0
giải thích số dư tài khoản nói ngắn gọn thôi,0,0,0,0,1,0,0,0,0,0,0
kết nối admin giúp tôi trên màn hình hiện tại,0,0,0,1,0,0,0,0,0,0,0
để tôi thử nhé,0,1,0,0,0,0,0,0,0,0,0
ờ khong can giai thich them giup toi,0,1,0,0,0,0,0,0,0,0,0
ad ơi huong dan xem countdnw khi toi dang dung app ạ,0,0,0,0,0,0,0,0,1,0,0
cơ chế chống cướp giá cuối giờ tôi hơi chưa rõ,0,0,0,0,0,0,0,0,0,1,0
làm sao để đặt giá trong hệ thống,0,0,0,0,0,0,1,0,0,0,0
số dư ảnh hưởng gì khi đặt giá,0,0,0,0,1,0,0,0,0,0,0
so du trong he thong duooc hieu nhu the nao torng he thong huhu,0,0,0,0,1,0,0,0,0,0,0
cách tham gia đặt giá cho người mới,0,0,0,0,0,0,1,0,0,0,0
toi da ro plz,0,1,0,0,0,0,0,0,0,0,0
cách mở phòng dgia mới giúp tôi,0,0,0,0,0,0,0,1,0,0,0
chào buổi chiều nói ngắn gọn thôi,1,0,0,0,0,0,0,0,0,0,0
xem các phiên còn hiệu lực đồng thời cần nhập gì khi đặt giá,0,0,0,0,0,1,1,0,0,0,0
vì sao thời gian đấu giá tăng thêm trên màn hình hiện tại,0,0,0,0,0,0,0,0,0,1,0
hướng dẫn tìm phiên đang mở giúp tôi,0,0,0,0,0,1,0,0,0,0,0
gửi phien để ad duyệt khi tôi đang dùng app,0,0,0,0,0,0,0,1,0,0,0
cơ chế chống cướp giá cuối giờ nói ngắn gọn thôi,0,0,0,0,0,0,0,0,0,1,0
cách lọc phiên đấu giá theo danh mục cho người mới,0,0,0,0,0,1,0,0,0,0,0
cho hỏi so tien con lai trng vii la gi voi a,0,0,0,0,1,0,0,0,0,0,0
anti sniping hoạt động thế nào với ạ,0,0,0,0,0,0,0,0,0,1,0
luật chống đặt giá phút cuối giúp tôi,0,0,0,0,0,0,0,0,0,1,0
hướng dẫn xem countdown tôi hơi chưa rõ,0,0,0,0,0,0,0,0,1,0,0
mình hỏi ngu tí chao buoi sang,1,0,0,0,0,0,0,0,0,0,0
không rõ lắm cach mo phong dau gia moi nhe,0,0,0,0,0,0,0,1,0,0,0
đổi mật khẩu wifi thế nào cho người mới,0,0,0,0,0,0,0,0,0,0,1
tim sp dang dgia,0,0,0,0,0,1,0,0,0,0,0
bam nut nao de gui gia trong he thong,0,0,0,0,0,0,1,0,0,0,0
admin có thể hỗ trợ không nhé,0,0,0,1,0,0,0,0,0,0,0
này hi tro ly,1,0,0,0,0,0,0,0,0,0,0
đặt báo thức lúc 7 giờ trên màn hình hiện tại,0,0,0,0,0,0,0,0,0,0,1
hi tro ly toi hoi chua ro,1,0,0,0,0,0,0,0,0,0,0
bắt đầu tư vấn giúp tôi,1,0,0,0,0,0,0,0,0,0,0
mình chào bạn kèm theo tìm phiên đấu giá,1,0,0,0,0,1,0,0,0,0,0
create auction room thế nào,0,0,0,0,0,0,0,1,0,0,0
gia hạn tự động khi nào xảy ra,0,0,0,0,0,0,0,0,0,1,0
phien nay con bao lau tren man hinh hien tai nha,0,0,0,0,0,0,0,0,1,0,0
pls so du dung de lam gi xong roi toi can tang gia hien tai,0,0,0,0,1,0,1,0,0,0,0
hướng dẫn tìm phiên đang mở cho người mới,0,0,0,0,0,1,0,0,0,0,0
hướng dẫn tạo phiên bán hàng trên màn hình hiện tại,0,0,0,0,0,0,0,1,0,0,0
tìm phiên theo tên sản phẩm,0,0,0,0,0,1,0,0,0,0,0
hướng dn tao phien voi,0,0,0,0,0,0,0,1,0,0,0
cơ chế gia hạn phiên cuối giờ trong hệ thống,0,0,0,0,0,0,0,0,0,1,0
cần thông tin gì để tạo phiên và vì sao countdown nhảy thêm tg,0,0,0,0,0,0,0,1,0,1,0
có ai hỗ trợ không nhé,1,0,0,0,0,0,0,0,0,0,0
câu trả lời đúng ý tôi cho người mới,0,0,1,0,0,0,0,0,0,0,0
tôi hài lòng nhé,0,0,1,0,0,0,0,0,0,0,0
cho ỏi dat gia phut cuoi co gia han khhong trong he thong,0,0,0,0,0,0,0,0,0,1,0
cần nhập gì khi dat gia,0,0,0,0,0,0,1,0,0,0,0
abc xyz không hiểu nhé,0,0,0,0,0,0,0,0,0,0,1
đồng ý giúp tôi,0,1,0,0,0,0,0,0,0,0,0
dịch câu này sang tiếng Anh giúp tôi,0,0,0,0,0,0,0,0,0,0,1
tôi muốn gọi tổng đài đồng thời nhập giá khởi điểm ở đâu,0,0,0,1,0,0,0,1,0,0,0
ờ toi hai long sau do bam nut nao de gui gia,0,0,1,0,0,0,1,0,0,0,0
tôi muốn gọi tổng đài nói ngắn gọn thôi,0,0,0,1,0,0,0,0,0,0,0
vì sao countdown nhảy thêm thời gian đồng thời khi nào phiên kết thúc,0,0,0,0,0,0,0,0,1,1,0
tôi muốn đấu giá sản phẩm trên màn hình hiện tại,0,0,0,0,0,0,1,0,0,0,0
cần thông tin gì để tạo phien khi tôi đang dùng app,0,0,0,0,0,0,0,1,0,0,0
bạn hướng dẫn rõ ràng giúp tôi,0,0,1,0,0,0,0,0,0,0,0
can nhap gi khi dat gia voi a,0,0,0,0,0,0,1,0,0,0,0
giá hợp lệ là gì khi bid tôi hơi chưa rõ,0,0,0,0,0,0,1,0,0,0,0
cần hỗ trợ trực tiếp trên màn hình hiện tại,0,0,0,1,0,0,0,0,0,0,0
làm sao biết phiên sắp hết giờ với ạ ạ,0,0,0,0,0,0,0,0,1,0,0
tôi cần nói chuyện với người thật nhé,0,0,0,1,0,0,0,0,0,0,0
tro ly huu ich qua sau do anti sniping hoat dong the nao gấp,0,0,1,0,0,0,0,0,0,1,0
cho tôi biết khái niệm số dư xong rồi tìm phiên bán laptop,0,0,0,0,1,1,0,0,0,0,0
tôi cần người xử lý khi tôi đang dùng app,0,0,0,1,0,0,0,0,0,0,0
chuyen toi den tu van vien voi a nha,0,0,0,1,0,0,0,0,0,0,0
hd xem countdown khi tôi đang dùng app,0,0,0,0,0,0,0,0,1,0,0
pls ban tra loi tot khi toi dang dung app,0,0,1,0,0,0,0,0,0,0,0
phim nao hay khi toi dang dung app,0,0,0,0,0,0,0,0,0,0,1
ổn rồi nói ngắn gọn thôi,0,1,0,0,0,0,0,0,0,0,0
gthich số dư tài khoản nhé,0,0,0,0,1,0,0,0,0,0,0
help ti muon tim san phma dang dau gia trong he thong thanks,0,0,0,0,0,1,0,0,0,0,0
cho tôi hỏi một chút sau đó hướng dẫn về chống đặt giá phút cuối,1,0,0,0,0,0,0,0,0,1,0
cần liên hệ admin rồi cần mô tả sản phẩm ra sao,0,0,0,1,0,0,0,1,0,0,0
vậy là được xong rồi thiết lập bước giá như thế nào,0,1,0,0,0,0,0,1,0,0,0
auction còn bao lâu nói ngắn gọn thôi,0,0,0,0,0,0,0,0,1,0,0
huong dan bidder tham gia phien noi ngan gon thoi,0,0,0,0,0,0,1,0,0,0,0
duoc roi noi ngan gno hoi ...,0,1,0,0,0,0,0,0,0,0,0
cho hỏi ban thich mu gi ttoi hoi chua ro,0,0,0,0,0,0,0,0,0,0,1
số dư là gì tôi hơi chưa rõ,0,0,0,0,1,0,0,0,0,0,0
có ai hỗ trợ không đồng thời hướng dẫn tôi bid,1,0,0,0,0,0,1,0,0,0,0
hey assistant rồi cho tôi biết khái niệm số dư ...,1,0,0,0,1,0,0,0,0,0,0
ad ơi hello cho nguoi moi ???,1,0,0,0,0,0,0,0,0,0,0
làm sao biết phiên sắp hết giờ nói ngắn gọn thôi,0,0,0,0,0,0,0,0,1,0,0
phiên này còn bao lâu trên màn hình hiện tại,0,0,0,0,0,0,0,0,1,0,0
balance trong tài khoản nghĩa là gì với ạ,0,0,0,0,1,0,0,0,0,0,0
không rõ lắm ban thich mau gi toi hoi chua ro,0,0,0,0,0,0,0,0,0,0,1
vậy là được giúp tôi,0,1,0,0,0,0,0,0,0,0,0
trai nghiem kha tot trong he thong,0,0,1,0,0,0,0,0,0,0,0
tôi ghi nhận tôi hơi chưa rõ,0,1,0,0,0,0,0,0,0,0,0
toi muon nghe nhac nhe ạ,0,0,0,0,0,0,0,0,0,0,1
có ai hỗ trợ không khi tôi đang dùng app,1,0,0,0,0,0,0,0,0,0,0
bạn làm tốt lắm nhé,0,0,1,0,0,0,0,0,0,0,0
tìm phiên bán laptop,0,0,0,0,0,1,0,0,0,0,0
phim nào hay với ạ,0,0,0,0,0,0,0,0,0,0,1
cho tôi biết khái niệm số dư cho người mới,0,0,0,0,1,0,0,0,0,0,0
ban dang online khong sau do chuyen toi den tu van vien,1,0,0,1,0,0,0,0,0,0,0
kết nối admin giúp tôi tôi hơi chưa rõ,0,0,0,1,0,0,0,0,0,0,0
chào hệ thống và hướng dẫn tìm phiên đang mở,1,0,0,0,0,1,0,0,0,0,0
vi sao tg dau gia tang them giup toi ???,0,0,0,0,0,0,0,0,0,1,0
ìnnh hỏi ngu tí vì sao thời gian dgia tăng thêm sau đó xem deadline của phiên nha,0,0,0,0,0,0,0,0,1,1,0
tô hài lòngg,0,0,1,0,0,0,0,0,0,0,0
đếm ngược nằm ở chỗ nào giúp tôi,0,0,0,0,0,0,0,0,1,0,0
đồng ý né vớii,0,1,0,0,0,0,0,0,0,0,0
hôm nay trời đẹp với ạ,0,0,0,0,0,0,0,0,0,0,1
create auction room thế nào xong rồi vì sao countdown nhảy thêm thời gian,0,0,0,0,0,0,0,1,0,1,0
cach moo phong adu gia moi nhe,0,0,0,0,0,0,0,1,0,0,0
quy trinh dat gia trong phong toi hoi chua ro ạ,0,0,0,0,0,0,1,0,0,0,0
đếm ngược nằm ở chỗ nào trên màn hình hiện tại,0,0,0,0,0,0,0,0,1,0,0
giải thích số dư tài khoản sau đó tìm phiên theo tên sản phẩm,0,0,0,0,1,1,0,0,0,0,0
help ban lam tot lam noi ngan gon thoi,0,0,1,0,0,0,0,0,0,0,0
bid sát giờ có kéo dài phiên không trong hệ thống,0,0,0,0,0,0,0,0,0,1,0
lobby có những phiên nào giúp tôi,0,0,0,0,0,1,0,0,0,0,0
ờ bạn đang online không với ạ,1,0,0,0,0,0,0,0,0,0,0
kiểm tra time left giúp tôi,0,0,0,0,0,0,0,0,1,0,0
chatbot thông minh cho người mới,0,0,1,0,0,0,0,0,0,0,0
chào hệ thống đồng thời luật chống đặt giá phút cuối,1,0,0,0,0,0,0,0,0,1,0
làm sao biết đặt giá thành công sau đó còn mấy phút nữa kết thúc,0,0,0,0,0,0,1,0,1,0,0
vì sao phải kiểm tra số dư đồng thời tôi muốn đấu giá sản phẩm,0,0,0,0,1,0,1,0,0,0,0
ad ơi số dư là gì nói ngắn gọn thôi,0,0,0,0,1,0,0,0,0,0,0
phim nào hay tôi hơi chưa rõ,0,0,0,0,0,0,0,0,0,0,1
rõ rồi giúp tôi,0,1,0,0,0,0,0,0,0,0,0
tạm ổn tôi hơi chưa rõ,0,1,0,0,0,0,0,0,0,0,0
cơ chế gia hạn phien cuối giờ với ạ,0,0,0,0,0,0,0,0,0,1,0
cần thông tin gì để tạo phiên giúp tôi,0,0,0,0,0,0,0,1,0,0,0
chuyển tôi đến tư vấn viên với ạ,0,0,0,1,0,0,0,0,0,0,0
tôi muốn đấu giá sản phẩm trong hệ thống,0,0,0,0,0,0,1,0,0,0,0
chào buổi chiều rồi số dư trong hệ thống được hiểu như thế nào,1,0,0,0,1,0,0,0,0,0,0
xem phien sap ket thuc trong he thong,0,0,0,0,0,1,0,0,0,0,0
hôm nay trời đẹp nói ngắn gọn thôi,0,0,0,0,0,0,0,0,0,0,1
khi nào phiên kết thúc khi tôi đang dùng app,0,0,0,0,0,0,0,0,1,0,0
mình chào bạn rồi xem các phiên còn hiệu lực,1,0,0,0,0,1,0,0,0,0,0
seller muốn up sp lên bán,0,0,0,0,0,0,0,1,0,0,0
giá hợp lệ là gì khi bid,0,0,0,0,0,0,1,0,0,0,0
chào buổi chiều,1,0,0,0,0,0,0,0,0,0,0
nấu phở như thế nào với ạ,0,0,0,0,0,0,0,0,0,0,1
hướng dẫn đăng sản phẩm đấu giá khi tôi đang dùng app,0,0,0,0,0,0,0,1,0,0,0
liên hệ người phụ trách giúp tôi tôi hơi chưa rõ,0,0,0,1,0,0,0,0,0,0,0
bạn trả lời tốt kèm theo tôi muốn gặp tư vấn viên,0,0,1,1,0,0,0,0,0,0,0
tôi cần tăng giá hiện tại giúp tôi,0,0,0,0,0,0,1,0,0,0,0
chào bạn nói ngắn gọn thôi,1,0,0,0,0,0,0,0,0,0,0
này chào bạn xong rồi làm sao xem danh sách dgia,1,0,0,0,0,1,0,0,0,0,0
xem đồng hồ đếm ngược ở đâu nhé,0,0,0,0,0,0,0,0,1,0,0
số dư torng hệ tthống được hiểu như thế nào với ạ,0,0,0,0,1,0,0,0,0,0,0
số tiền còn lại trong ví là gì sau đó search phiên dgia,0,0,0,0,1,1,0,0,0,0,0
hướng dẫn về chống đặt giá phút cuối nói ngắn gọn thôi,0,0,0,0,0,0,0,0,0,1,0
toi hai lonng vo a,0,0,1,0,0,0,0,0,0,0,0
cơ chế chống cướp giá cuối giờ nhé,0,0,0,0,0,0,0,0,0,1,0
đã hiểu với ạ,0,1,0,0,0,0,0,0,0,0,0
hướng dẫn đăng sản phẩm đấu giá,0,0,0,0,0,0,0,1,0,0,0
làm sao gửi yêu cầu tạo phiên trong hệ thống,0,0,0,0,0,0,0,1,0,0,0
tôi cần người xử lý,0,0,0,1,0,0,0,0,0,0,0
hướng dẫn bidder tham gia phiên khi tôi đang dùng app,0,0,0,0,0,0,1,0,0,0,0
tôi muốn nghe nhạc,0,0,0,0,0,0,0,0,0,0,1
blabla test test,0,0,0,0,0,0,0,0,0,0,1
chatbot chưa giải quyết được,0,0,0,1,0,0,0,0,0,0,0
câu trả lời đủ rồi xong rồi place bid như thế nào,0,1,0,0,0,0,1,0,0,0,0
hướng dẫn xem countdown khi tôi đang dùng app,0,0,0,0,0,0,0,0,1,0,0
không rõ lắm ggui phien de admin duyet kem theo vi sao thoi gian dgia ang them,0,0,0,0,0,0,0,1,0,1,0
giai thich so du tai khoan toi hoi chuua r,0,0,0,0,1,0,0,0,0,0,0
hướng dẫn về chống dat gia phút cuối trên màn hình hiện tại,0,0,0,0,0,0,0,0,0,1,0
hkông rõ lắm cach mo phong dau gia mooi trong he thong plz,0,0,0,0,0,0,0,1,0,0,0
bạn đang online không nói ngắn gọn thôi,1,0,0,0,0,0,0,0,0,0,0
tôi muốn gọi tổng đài đồng thời gửi phiên để admin duyệt,0,0,0,1,0,0,0,1,0,0,0
làm sao biết phiên sắp hết giờ với ạ,0,0,0,0,0,0,0,0,1,0,0
can ho tro truc tiep toi hoi chua ro,0,0,0,1,0,0,0,0,0,0,0
cách tham gia dat gia nói ngắn gọn thôi,0,0,0,0,0,0,1,0,0,0,0
ok và create auction room thế nào,0,1,0,0,0,0,0,1,0,0,0
phim nào hay giúp tôi,0,0,0,0,0,0,0,0,0,0,1
hướng dẫn tạo phiên bán hàng với ạ,0,0,0,0,0,0,0,1,0,0,0
xin chào khi tôi đang dùng app,1,0,0,0,0,0,0,0,0,0,0
câu trả lời đủ rồi sau đó seller lobby tạo phiên ở đâu,0,1,0,0,0,0,0,1,0,0,0
số dư có phải tiền khả dụng không nhé,0,0,0,0,1,0,0,0,0,0,0
giai thich de hieu trong he thong,0,0,1,0,0,0,0,0,0,0,0
gặp bộ phận chăm sóc khách hàng rồi làm sao tạo phiên đấu giá,0,0,0,1,0,0,0,1,0,0,0
tôi mới vào hệ thống sau đó tìm auction room,1,0,0,0,0,1,0,0,0,0,0
seller lobby tạo phiên ở đâu tôi hơi chưa rõ,0,0,0,0,0,0,0,1,0,0,0
số dư có phải tiền khả dụng không giúp tôi,0,0,0,0,1,0,0,0,0,0,0
cần liên hệ admin nhé,0,0,0,1,0,0,0,0,0,0,0
làm sao biết đặt giá thành công,0,0,0,0,0,0,1,0,0,0,0
nau pho nhu the nao giup toi ạ,0,0,0,0,0,0,0,0,0,0,1
xin chao tim phien giup minh,1,0,0,0,0,1,0,0,0,0,0
dịch vụ hỗ trợ tốt trong hệ thống,0,0,1,0,0,0,0,0,0,0,0
cần thông tin gì để tạo phiên cho người mới,0,0,0,0,0,0,0,1,0,0,0
tìm phiên bán laptop nhé,0,0,0,0,0,1,0,0,0,0,0
xem thoi han phien dau gia giup toi ...,0,0,0,0,0,0,0,0,1,0,0
huong dan xem countdown voi a,0,0,0,0,0,0,0,0,1,0,0
pls giai thich de hieu va anti sniping hoat dnog te nao ...,0,0,1,0,0,0,0,0,0,1,0
giải thích chống sniping trên màn hình hiện tại,0,0,0,0,0,0,0,0,0,1,0
balance trong tài khoản nghĩa là gì rồi hướng dẫn bidder htam ggia phiên với,0,0,0,0,1,0,1,0,0,0,0
cách lọc phiên đấu giá theo danh mục giúp tôi,0,0,0,0,0,1,0,0,0,0,0
làm sao kiểm tra phiên đang hoạt động tôi hơi chưa rõ,0,0,0,0,0,1,0,0,0,0,0
cách mở phòng đấu giá mới với ạ,0,0,0,0,0,0,0,1,0,0,0
để tôi thử giúp tôi,0,1,0,0,0,0,0,0,0,0,0
dich vu ho tro tot cho nguoi moi ạ,0,0,1,0,0,0,0,0,0,0,0
ad ơi y nnghia cua so du rong dau gia toi hoi chua ro,0,0,0,0,1,0,0,0,0,0,0
tôi muốn đấu giá sản phẩm cho người mới,0,0,0,0,0,0,1,0,0,0,0
ờ hey assistant với ạ,1,0,0,0,0,0,0,0,0,0,0
so du la j,0,0,0,0,1,0,0,0,0,0,0
lobby có những phiên nào cho người mới,0,0,0,0,0,1,0,0,0,0,0
kết nối admin giúp tôi xong rồi cách tham gia đặt giá,0,0,0,1,0,0,1,0,0,0,0
cho tôi số điện thoại hỗ trợ tôi hơi chưa rõ,0,0,0,1,0,0,0,0,0,0,0
hướng dẫn đăng sp đấu giá cho người mới,0,0,0,0,0,0,0,1,0,0,0
cho toi so dien htoai ho tro xong roi huong an dang san pham dau gia,0,0,0,1,0,0,0,1,0,0,0
ad ơi phần này đã rõ và hướng dẫn đăng sản phẩm đấu giá plz,0,1,0,0,0,0,0,1,0,0,0
ad ơi cho tôi số điện thoại hỗ trợ nói ngắn gọn thôi,0,0,0,1,0,0,0,0,0,0,0
on roi cho nguoi moi plz,0,1,0,0,0,0,0,0,0,0,0
đặt báo thức lúc 7 giờ với ạ,0,0,0,0,0,0,0,0,0,0,1
làm sao để đặt giá kèm theo xem thời gian còn lại,0,0,0,0,0,0,1,0,1,0,0
pls earch phien dau gia toi hio chua ro,0,0,0,0,0,1,0,0,0,0,0
tìm phiên bán laptop trên màn hình hiện tại,0,0,0,0,0,1,0,0,0,0,0
cơ chế gia hạn phiên cuối giờ cho người mới,0,0,0,0,0,0,0,0,0,1,0
xem cac phien con hieu luc roi lam sao biet phien sap het gio nha,0,0,0,0,0,1,0,0,1,0,0
tôi đã rõ xong rồi seller muốn đăng sản phẩm,0,1,0,0,0,0,0,1,0,0,0
kể chuyện cười đi,0,0,0,0,0,0,0,0,0,0,1
số dư có phải tiền khả dụng không,0,0,0,0,1,0,0,0,0,0,0
phiên này còn bao lâu nói ngắn gọn thôi,0,0,0,0,0,0,0,0,1,0,0
tìm phiên đấu giá với ạ,0,0,0,0,0,1,0,0,0,0,0
tôi cần người xử lý trên màn hình hiện tại,0,0,0,1,0,0,0,0,0,0,0
xem phiên sắp kết thúc cho người mới,0,0,0,0,0,1,0,0,0,0,0
mình hỏi ngu tí nau pho nhuu the nao cho nguoi moi tanks,0,0,0,0,0,0,0,0,0,0,1
trai nghiem kha tot noi ngan gon thoi,0,0,1,0,0,0,0,0,0,0,0
câu trả lời rất dễ hiểu với ạ,0,0,1,0,0,0,0,0,0,0,0
làm sao tạo phiên đấu giá với ạ,0,0,0,0,0,0,0,1,0,0,0
ờ seller tao dau gia nhu the nao trong he thong đc ko,0,0,0,0,0,0,0,1,0,0,0
pls đã hiểu tôi hơi chưa rõ nha,0,1,0,0,0,0,0,0,0,0,0
balance trong tk nghia la gi dong thoi toi muon tim san pham dang dau gia huhu,0,0,0,0,1,1,0,0,0,0,0
bấm nút nào để gửi giá giúp tôi,0,0,0,0,0,0,1,0,0,0,0
vì sao phải kiểm tra số dư trong hệ thống,0,0,0,0,1,0,0,0,0,0,0
kết nối admin giúp tôi,0,0,0,1,0,0,0,0,0,0,0
này cau rta loi dung y toi roi ket noi ad giuup toi ạ,0,0,1,1,0,0,0,0,0,0,0
số dư có phải tiền khả dụng không rồi cách tham gia dat gia,0,0,0,0,1,0,1,0,0,0,0
chào buổi sáng trong hệ thống,1,0,0,0,0,0,0,0,0,0,0
chao buoi chieu xong roi can lien he admin plz,1,0,0,1,0,0,0,0,0,0,0
cho tôi biết khái niệm số dư tôi hơi chưa rõ,0,0,0,0,1,0,0,0,0,0,0
mình hỏi ngu tí hi trợ lý sau đó hướng dẫn idder tham gia phieen thanks,1,0,0,0,0,0,1,0,0,0,0
chào buổi sáng sau đó cách tham gia đặt giá ạ,1,0,0,0,0,0,1,0,0,0,0
ờ so du anh huong gi khi dat gia noi ngan gon thoi,0,0,0,0,1,0,0,0,0,0,0
tôi muốn gọi tổng đài khi tôi đang dùng app,0,0,0,1,0,0,0,0,0,0,0
số dư ảnh hưởng gì khi đặt giá nói ngắn gọn thôi,0,0,0,0,1,0,0,0,0,0,0
đã hiểu nói ngắn gọn thôi,0,1,0,0,0,0,0,0,0,0,0
seller tạo đấu giá như thế nào đồng thời thời gian đấu giá còn bao nhiêu,0,0,0,0,0,0,0,1,1,0,0
làm sao xem danh sách đấu giá,0,0,0,0,0,1,0,0,0,0,0
muốn giữ giá cao nhất thì làm sao trong hệ thống,0,0,0,0,0,0,1,0,0,0,0
tôi cần nói chuyện với người thật tôi hơi chưa rõ,0,0,0,1,0,0,0,0,0,0,0
kết nối admin giúp tôi cho người mới,0,0,0,1,0,0,0,0,0,0,0
ê nhap gia khoi diem o dau trong he thong,0,0,0,0,0,0,0,1,0,0,0
để tôi thử trong hệ thống,0,1,0,0,0,0,0,0,0,0,0
cho hỏi abc xyz khong hieu trong he thong đc ko,0,0,0,0,0,0,0,0,0,0,1
search phiên đấu giá khi tôi đang dùng app,0,0,0,0,0,1,0,0,0,0,0
số tiền còn lại trong ví là gì nhé,0,0,0,0,1,0,0,0,0,0,0
kiểm tra time left khi tôi đang dùng app,0,0,0,0,0,0,0,0,1,0,0
ổn rồi nhé,0,1,0,0,0,0,0,0,0,0,0
ê goi han vien ho tro roi lam sao gui yeu cau tao phine đc ko,0,0,0,1,0,0,0,1,0,0,0
loc sp dang dau gia,0,0,0,0,0,1,0,0,0,0,0
tại sao cần có số dư nói ngắn gọn thôi,0,0,0,0,1,0,0,0,0,0,0
dịch câu này sang tiếng Anh tôi hơi chưa rõ,0,0,0,0,0,0,0,0,0,0,1
thông tin này giúp ích nhiều giúp tôi,0,0,1,0,0,0,0,0,0,0,0
can mo ta sp ra sao cho nguoi moi,0,0,0,0,0,0,0,1,0,0,0
